產品線,子產品/平台,網頁/工具,檔案,對應公開URL或路由,公開crawl狀態,資料來源URL,官方來源數,法源/引用筆數,待補常數來源筆數,待修正引用筆數,查證狀態,備註
民眾版,消費爭議權益計算平台,周全帳號與資料｜ConsumerPro,/Users/chouchunyeh/Desktop/choulegal/apps/consumerpro/account.html,https://consumer.choulegal.com/account.html,未在公開 crawl 清單,不適用（未偵測到需查證法源）,0,0,0,0,已查證,本機檔案已盤點，未偵測法律法源、裁判字號或法律計算資料。
民眾版,消費爭議權益計算平台,廣告不實求償（消保法 §22 / 公平交易法 §21）｜ConsumerPro,/Users/chouchunyeh/Desktop/choulegal/apps/consumerpro/ad-misleading.html,https://consumer.choulegal.com/ad-misleading.html,200,https://law.moj.gov.tw/LawClass/LawSingle.aspx?pcode=J0150002&flno=21; https://law.moj.gov.tw/LawClass/LawSingle.aspx?pcode=J0150002&flno=51; https://law.moj.gov.tw/LawClass/LawSingle.aspx?pcode=J0170001&flno=22; https://law.moj.gov.tw/LawClass/LawSingle.aspx?pcode=J0170001&flno=51,4,42,0,0,已查證,公開頁已納入官方來源查核；未見待修正或待補來源項目。
民眾版,消費爭議權益計算平台,AI 應對顧問｜ConsumerPro,/Users/chouchunyeh/Desktop/choulegal/apps/consumerpro/ai-fallback.html,https://consumer.choulegal.com/ai-fallback.html,200,https://law.moj.gov.tw/LawClass/LawSingle.aspx?pcode=J0170001&flno=41,1,2,0,0,已查證,公開頁已納入官方來源查核；未見待修正或待補來源項目。
民眾版,消費爭議權益計算平台,有線電視訂閱爭議（有線電視服務應記載事項）｜ConsumerPro,/Users/chouchunyeh/Desktop/choulegal/apps/consumerpro/cable-tv.html,https://consumer.choulegal.com/cable-tv.html,200,不適用（未偵測到需查證法源）,0,2,0,0,已查證,公開頁已掃描，未偵測需引用官方法源的法條、裁判或法律常數。
民眾版,消費爭議權益計算平台,條款是否構成契約檢查（消保法 §13 / §14 / §15）｜ConsumerPro,/Users/chouchunyeh/Desktop/choulegal/apps/consumerpro/clause-binding.html,https://consumer.choulegal.com/clause-binding.html,200,https://law.moj.gov.tw/LawClass/LawSingle.aspx?pcode=J0170001&flno=11-1; https://law.moj.gov.tw/LawClass/LawSingle.aspx?pcode=J0170001&flno=12; https://law.moj.gov.tw/LawClass/LawSingle.aspx?pcode=J0170001&flno=13; https://law.moj.gov.tw/LawClass/LawSingle.aspx?pcode=J0170001&flno=14; https://law.moj.gov.tw/LawClass/LawSingle.aspx?pcode=J0170001&flno=15; https://law.moj.gov.tw/LawClass/LawSingle.aspx?pcode=J0170001&flno=17,6,62,0,0,已查證,公開頁已納入官方來源查核；未見待修正或待補來源項目。
民眾版,消費爭議權益計算平台,消費爭議申訴流程（消保法 §43）｜ConsumerPro,/Users/chouchunyeh/Desktop/choulegal/apps/consumerpro/complaint-guide.html,https://consumer.choulegal.com/complaint-guide.html,200,https://law.moj.gov.tw/LawClass/LawSingle.aspx?pcode=B0000001&flno=125; https://law.moj.gov.tw/LawClass/LawSingle.aspx?pcode=B0000001&flno=197; https://law.moj.gov.tw/LawClass/LawSingle.aspx?pcode=B0000001&flno=365; https://law.moj.gov.tw/LawClass/LawSingle.aspx?pcode=J0170001&flno=19; https://law.moj.gov.tw/LawClass/LawSingle.aspx?pcode=J0170001&flno=30; https://law.moj.gov.tw/LawClass/LawSingle.aspx?pcode=J0170001&flno=43; https://law.moj.gov.tw/LawClass/LawSingle.aspx?pcode=J0170001&flno=44; https://law.moj.gov.tw/LawClass/LawSingle.aspx?pcode=J0170001&flno=45-2; https://law.moj.gov.tw/LawClass/LawSingle.aspx?pcode=J0170001&flno=47; https://law.moj.gov.tw/LawClass/LawSingle.aspx?pcode=J0170001&flno=50; https://law.moj.gov.tw/LawClass/LawSingle.aspx?pcode=J0170001&flno=51,11,52,0,0,已查證,公開頁已納入官方來源查核；未見待修正或待補來源項目。
民眾版,消費爭議權益計算平台,定型化契約總診斷（消保法 §11~§17 全流程）｜ConsumerPro,/Users/chouchunyeh/Desktop/choulegal/apps/consumerpro/contract-master.html,https://consumer.choulegal.com/contract-master.html,200,https://law.moj.gov.tw/LawClass/LawSingle.aspx?pcode=B0000001&flno=17; https://law.moj.gov.tw/LawClass/LawSingle.aspx?pcode=J0170001&flno=11; https://law.moj.gov.tw/LawClass/LawSingle.aspx?pcode=J0170001&flno=11-1; https://law.moj.gov.tw/LawClass/LawSingle.aspx?pcode=J0170001&flno=12; https://law.moj.gov.tw/LawClass/LawSingle.aspx?pcode=J0170001&flno=13; https://law.moj.gov.tw/LawClass/LawSingle.aspx?pcode=J0170001&flno=14; https://law.moj.gov.tw/LawClass/LawSingle.aspx?pcode=J0170001&flno=15; https://law.moj.gov.tw/LawClass/LawSingle.aspx?pcode=J0170001&flno=17,8,68,0,0,已查證,公開頁已納入官方來源查核；未見待修正或待補來源項目。
民眾版,消費爭議權益計算平台,七天鑑賞期試算（消保法 §19）｜ConsumerPro,/Users/chouchunyeh/Desktop/choulegal/apps/consumerpro/cooling-off.html,https://consumer.choulegal.com/cooling-off.html,200,https://law.moj.gov.tw/LawClass/LawSingle.aspx?pcode=J0170001&flno=18; https://law.moj.gov.tw/LawClass/LawSingle.aspx?pcode=J0170001&flno=19; https://law.moj.gov.tw/LawClass/LawSingle.aspx?pcode=J0170001&flno=19-2,3,18,0,0,已查證,公開頁已納入官方來源查核；未見待修正或待補來源項目。
民眾版,消費爭議權益計算平台,信用卡盜刷免責試算（24 小時黃金期）｜ConsumerPro,/Users/chouchunyeh/Desktop/choulegal/apps/consumerpro/credit-card-fraud.html,https://consumer.choulegal.com/credit-card-fraud.html,200,不適用（未偵測到需查證法源）,0,8,0,0,已查證,公開頁已掃描，未偵測需引用官方法源的法條、裁判或法律常數。
民眾版,消費爭議權益計算平台,跨境網購爭議處理（信用卡爭議款）｜ConsumerPro,/Users/chouchunyeh/Desktop/choulegal/apps/consumerpro/cross-border-purchase.html,https://consumer.choulegal.com/cross-border-purchase.html,200,https://law.moj.gov.tw/LawClass/LawSingle.aspx?pcode=J0170001&flno=19,1,2,0,0,已查證,公開頁已納入官方來源查核；未見待修正或待補來源項目。
民眾版,消費爭議權益計算平台,解約 vs 減價 vs 換貨 決策（民法 §359）｜ConsumerPro,/Users/chouchunyeh/Desktop/choulegal/apps/consumerpro/defect-remedy.html,https://consumer.choulegal.com/defect-remedy.html,200,https://law.moj.gov.tw/LawClass/LawSingle.aspx?pcode=B0000001&flno=359; https://law.moj.gov.tw/LawClass/LawSingle.aspx?pcode=B0000001&flno=364; https://law.moj.gov.tw/LawClass/LawSingle.aspx?pcode=B0000001&flno=365; https://law.moj.gov.tw/LawClass/LawSingle.aspx?pcode=J0170001&flno=359; https://law.moj.gov.tw/LawClass/LawSingle.aspx?pcode=J0170001&flno=364,5,26,0,0,已查證,公開頁已納入官方來源查核；未見待修正或待補來源項目。
民眾版,消費爭議權益計算平台,訂金退還主張（民法 §249）｜ConsumerPro,/Users/chouchunyeh/Desktop/choulegal/apps/consumerpro/deposit.html,https://consumer.choulegal.com/deposit.html,200,https://law.moj.gov.tw/LawClass/LawSingle.aspx?pcode=B0000001&flno=249; https://law.moj.gov.tw/LawClass/LawSingle.aspx?pcode=J0170001&flno=249; https://law.moj.gov.tw/LawClass/LawSingle.aspx?pcode=J0170001&flno=252,3,26,0,0,已查證,公開頁已納入官方來源查核；未見待修正或待補來源項目。
民眾版,消費爭議權益計算平台,食品安全求償（食安法 §56）｜ConsumerPro,/Users/chouchunyeh/Desktop/choulegal/apps/consumerpro/food-safety.html,https://consumer.choulegal.com/food-safety.html,200,https://law.moj.gov.tw/LawClass/LawSingle.aspx?pcode=B0000001&flno=184; https://law.moj.gov.tw/LawClass/LawSingle.aspx?pcode=B0000001&flno=195; https://law.moj.gov.tw/LawClass/LawSingle.aspx?pcode=J0170001&flno=56; https://law.moj.gov.tw/LawClass/LawSingle.aspx?pcode=L0040001&flno=56,4,20,0,0,已查證,公開頁已納入官方來源查核；未見待修正或待補來源項目。
民眾版,消費爭議權益計算平台,不得記載事項黑名單檢查（消保法 §17 II）｜ConsumerPro,/Users/chouchunyeh/Desktop/choulegal/apps/consumerpro/forbidden-clauses.html,https://consumer.choulegal.com/forbidden-clauses.html,200,https://law.moj.gov.tw/LawClass/LawSingle.aspx?pcode=J0170001&flno=12; https://law.moj.gov.tw/LawClass/LawSingle.aspx?pcode=J0170001&flno=17,2,24,0,0,已查證,公開頁已納入官方來源查核；未見待修正或待補來源項目。
民眾版,消費爭議權益計算平台,網路詐騙退費路徑｜ConsumerPro,/Users/chouchunyeh/Desktop/choulegal/apps/consumerpro/fraud-refund.html,https://consumer.choulegal.com/fraud-refund.html,200,不適用（未偵測到需查證法源）,0,0,0,0,已查證,公開頁已掃描，未偵測需引用官方法源的法條、裁判或法律常數。
民眾版,消費爭議權益計算平台,ConsumerPro｜消費爭議事件包與權益工具,/Users/chouchunyeh/Desktop/choulegal/apps/consumerpro/index.html,https://consumer.choulegal.com/,200,不適用（未偵測到需查證法源）,0,0,0,0,已查證,公開頁已掃描，未偵測需引用官方法源的法條、裁判或法律常數。
民眾版,消費爭議權益計算平台,商品／食品標示不實求償（消保法 §22 / 食安法 §28）｜ConsumerPro,/Users/chouchunyeh/Desktop/choulegal/apps/consumerpro/label-misrepresentation.html,https://consumer.choulegal.com/label-misrepresentation.html,200,https://law.moj.gov.tw/LawClass/LawSingle.aspx?pcode=J0070001&flno=9; https://law.moj.gov.tw/LawClass/LawSingle.aspx?pcode=J0080011&flno=9; https://law.moj.gov.tw/LawClass/LawSingle.aspx?pcode=J0150002&flno=21; https://law.moj.gov.tw/LawClass/LawSingle.aspx?pcode=J0150002&flno=51; https://law.moj.gov.tw/LawClass/LawSingle.aspx?pcode=J0150002&flno=56; https://law.moj.gov.tw/LawClass/LawSingle.aspx?pcode=J0170001&flno=22; https://law.moj.gov.tw/LawClass/LawSingle.aspx?pcode=J0170001&flno=51; https://law.moj.gov.tw/LawClass/LawSingle.aspx?pcode=L0040001&flno=28; https://law.moj.gov.tw/LawClass/LawSingle.aspx?pcode=L0040001&flno=51; https://law.moj.gov.tw/LawClass/LawSingle.aspx?pcode=L0040001&flno=56,10,50,0,0,已查證,公開頁已納入官方來源查核；未見待修正或待補來源項目。
民眾版,消費爭議權益計算平台,登入周全帳號｜ConsumerPro,/Users/chouchunyeh/Desktop/choulegal/apps/consumerpro/login.html,https://consumer.choulegal.com/login.html,未在公開 crawl 清單,不適用（未偵測到需查證法源）,0,0,0,0,已查證,本機檔案已盤點，未偵測法律法源、裁判字號或法律計算資料。
民眾版,消費爭議權益計算平台,線上遊戲爭議（線上遊戲定型化契約應記載事項）｜ConsumerPro,/Users/chouchunyeh/Desktop/choulegal/apps/consumerpro/online-game.html,https://consumer.choulegal.com/online-game.html,200,https://law.moj.gov.tw/LawClass/LawSingle.aspx?pcode=B0000001&flno=227; https://law.moj.gov.tw/LawClass/LawSingle.aspx?pcode=B0000001&flno=77; https://law.moj.gov.tw/LawClass/LawSingle.aspx?pcode=J0170001&flno=22; https://law.moj.gov.tw/LawClass/LawSingle.aspx?pcode=J0170001&flno=51; https://law.moj.gov.tw/LawClass/LawSingle.aspx?pcode=J0170001&flno=77,5,12,0,0,已查證,公開頁已納入官方來源查核；未見待修正或待補來源項目。
民眾版,消費爭議權益計算平台,預售屋糾紛權益（預售屋買賣應記載事項）｜ConsumerPro,/Users/chouchunyeh/Desktop/choulegal/apps/consumerpro/presale-house.html,https://consumer.choulegal.com/presale-house.html,200,https://law.moj.gov.tw/LawClass/LawSingle.aspx?pcode=J0170001&flno=17,1,6,0,0,已查證,公開頁已納入官方來源查核；未見待修正或待補來源項目。
民眾版,消費爭議權益計算平台,隱私權政策｜ConsumerPro,/Users/chouchunyeh/Desktop/choulegal/apps/consumerpro/privacy.html,https://consumer.choulegal.com/privacy.html,200,不適用（未偵測到需查證法源）,0,0,0,0,已查證,公開頁已掃描，未偵測需引用官方法源的法條、裁判或法律常數。
民眾版,消費爭議權益計算平台,懲罰性賠償試算（消保法 §51）｜ConsumerPro,/Users/chouchunyeh/Desktop/choulegal/apps/consumerpro/punitive.html,https://consumer.choulegal.com/punitive.html,200,https://law.moj.gov.tw/LawClass/LawSingle.aspx?pcode=J0170001&flno=51,1,22,0,0,已查證,公開頁已納入官方來源查核；未見待修正或待補來源項目。
民眾版,消費爭議權益計算平台,修繕承攬瑕疵主張（民法 §492–§499）｜ConsumerPro,/Users/chouchunyeh/Desktop/choulegal/apps/consumerpro/repair-defect.html,https://consumer.choulegal.com/repair-defect.html,200,https://law.moj.gov.tw/LawClass/LawSingle.aspx?pcode=B0000001&flno=492; https://law.moj.gov.tw/LawClass/LawSingle.aspx?pcode=B0000001&flno=493; https://law.moj.gov.tw/LawClass/LawSingle.aspx?pcode=B0000001&flno=494; https://law.moj.gov.tw/LawClass/LawSingle.aspx?pcode=B0000001&flno=495; https://law.moj.gov.tw/LawClass/LawSingle.aspx?pcode=B0000001&flno=498; https://law.moj.gov.tw/LawClass/LawSingle.aspx?pcode=B0000001&flno=499; https://law.moj.gov.tw/LawClass/LawSingle.aspx?pcode=J0170001&flno=354; https://law.moj.gov.tw/LawClass/LawSingle.aspx?pcode=J0170001&flno=493; https://law.moj.gov.tw/LawClass/LawSingle.aspx?pcode=J0170001&flno=494; https://law.moj.gov.tw/LawClass/LawSingle.aspx?pcode=J0170001&flno=495; https://law.moj.gov.tw/LawClass/LawSingle.aspx?pcode=J0170001&flno=498; https://law.moj.gov.tw/LawClass/LawSingle.aspx?pcode=J0170001&flno=499,12,56,0,0,已查證,公開頁已納入官方來源查核；未見待修正或待補來源項目。
民眾版,消費爭議權益計算平台,定型化契約 30 日審閱期（消保法 §11-1）｜ConsumerPro,/Users/chouchunyeh/Desktop/choulegal/apps/consumerpro/review-period.html,https://consumer.choulegal.com/review-period.html,200,https://law.moj.gov.tw/LawClass/LawSingle.aspx?pcode=J0170001&flno=11-1,1,12,0,0,已查證,公開頁已納入官方來源查核；未見待修正或待補來源項目。
民眾版,消費爭議權益計算平台,消費爭議自救指南 — 遇到這些情況怎麼辦｜ConsumerPro,/Users/chouchunyeh/Desktop/choulegal/apps/consumerpro/self-help.html,https://consumer.choulegal.com/self-help.html,200,https://law.moj.gov.tw/LawClass/LawSingle.aspx?pcode=B0000001&flno=354; https://law.moj.gov.tw/LawClass/LawSingle.aspx?pcode=B0000001&flno=365; https://law.moj.gov.tw/LawClass/LawSingle.aspx?pcode=J0150002&flno=21; https://law.moj.gov.tw/LawClass/LawSingle.aspx?pcode=J0170001&flno=11; https://law.moj.gov.tw/LawClass/LawSingle.aspx?pcode=J0170001&flno=19; https://law.moj.gov.tw/LawClass/LawSingle.aspx?pcode=J0170001&flno=22; https://law.moj.gov.tw/LawClass/LawSingle.aspx?pcode=J0170001&flno=51,7,16,0,0,已查證,公開頁已納入官方來源查核；未見待修正或待補來源項目。
民眾版,消費爭議權益計算平台,定型化契約條款顯失公平檢查（消保法 §12）｜ConsumerPro,/Users/chouchunyeh/Desktop/choulegal/apps/consumerpro/standard-form-check.html,https://consumer.choulegal.com/standard-form-check.html,200,https://law.moj.gov.tw/LawClass/LawSingle.aspx?pcode=B0000001&flno=12; https://law.moj.gov.tw/LawClass/LawSingle.aspx?pcode=B0000001&flno=13; https://law.moj.gov.tw/LawClass/LawSingle.aspx?pcode=J0170001&flno=12,3,26,0,0,已查證,公開頁已納入官方來源查核；未見待修正或待補來源項目。
民眾版,消費爭議權益計算平台,訂閱制自動續約／難取消爭議（消保法 §19 / §11-1 / §12）｜ConsumerPro,/Users/chouchunyeh/Desktop/choulegal/apps/consumerpro/subscription-trap.html,https://consumer.choulegal.com/subscription-trap.html,200,https://law.moj.gov.tw/LawClass/LawSingle.aspx?pcode=J0170001&flno=11-1; https://law.moj.gov.tw/LawClass/LawSingle.aspx?pcode=J0170001&flno=12; https://law.moj.gov.tw/LawClass/LawSingle.aspx?pcode=J0170001&flno=19,3,26,0,0,已查證,公開頁已納入官方來源查核；未見待修正或待補來源項目。
民眾版,消費爭議權益計算平台,使用者條款｜ConsumerPro,/Users/chouchunyeh/Desktop/choulegal/apps/consumerpro/terms.html,https://consumer.choulegal.com/terms.html,200,https://law.moj.gov.tw/LawClass/LawSingle.aspx?pcode=B0000001&flno=365; https://law.moj.gov.tw/LawClass/LawSingle.aspx?pcode=J0170001&flno=51,2,4,0,0,已查證,公開頁已納入官方來源查核；未見待修正或待補來源項目。
民眾版,消費爭議權益計算平台,旅遊契約取消手續費（國外旅遊契約應記載事項）｜ConsumerPro,/Users/chouchunyeh/Desktop/choulegal/apps/consumerpro/tour.html,https://consumer.choulegal.com/tour.html,200,https://law.moj.gov.tw/LawClass/LawSingle.aspx?pcode=J0170001&flno=17,1,30,0,0,已查證,公開頁已納入官方來源查核；未見待修正或待補來源項目。
民眾版,消費爭議權益計算平台,中古車買賣糾紛（中古汽車買賣應記載事項 + 民法 §354）｜ConsumerPro,/Users/chouchunyeh/Desktop/choulegal/apps/consumerpro/used-car.html,https://consumer.choulegal.com/used-car.html,200,https://law.moj.gov.tw/LawClass/LawSingle.aspx?pcode=B0000001&flno=17; https://law.moj.gov.tw/LawClass/LawSingle.aspx?pcode=B0000001&flno=354; https://law.moj.gov.tw/LawClass/LawSingle.aspx?pcode=B0000001&flno=92; https://law.moj.gov.tw/LawClass/LawSingle.aspx?pcode=J0170001&flno=339; https://law.moj.gov.tw/LawClass/LawSingle.aspx?pcode=J0170001&flno=359; https://law.moj.gov.tw/LawClass/LawSingle.aspx?pcode=J0170001&flno=92,6,30,0,0,已查證,公開頁已納入官方來源查核；未見待修正或待補來源項目。
民眾版,消費爭議權益計算平台,瑕疵擔保時效查詢（民法 §365）｜ConsumerPro,/Users/chouchunyeh/Desktop/choulegal/apps/consumerpro/warranty-period.html,https://consumer.choulegal.com/warranty-period.html,200,https://law.moj.gov.tw/LawClass/LawSingle.aspx?pcode=B0000001&flno=356; https://law.moj.gov.tw/LawClass/LawSingle.aspx?pcode=B0000001&flno=359; https://law.moj.gov.tw/LawClass/LawSingle.aspx?pcode=B0000001&flno=365,3,24,0,0,已查證,公開頁已納入官方來源查核；未見待修正或待補來源項目。
民眾版,消費爭議權益計算平台,婚宴／辦桌取消退定金試算（訂席外燴定型化契約應記載事項）｜ConsumerPro,/Users/chouchunyeh/Desktop/choulegal/apps/consumerpro/wedding-banquet.html,https://consumer.choulegal.com/wedding-banquet.html,200,https://law.moj.gov.tw/LawClass/LawSingle.aspx?pcode=J0170001&flno=17,1,50,0,0,已查證,公開頁已納入官方來源查核；未見待修正或待補來源項目。
商業版 5 AI Pro,ETP 企業工作台,行事曆 — 周全,/Users/chouchunyeh/Desktop/choulegal/apps/etp/app/[workspace]/calendar/page.tsx,ETP_PAGE:/[workspace]/calendar,本機動態/後台檔案，未納入公開站 crawl,不適用（未偵測到需查證法源）,0,0,0,0,已查證,本機檔案已盤點，未偵測法律法源、裁判字號或法律計算資料。
商業版 5 AI Pro,ETP 企業工作台,新增客訴 — 消費爭議 · 周全專業版,/Users/chouchunyeh/Desktop/choulegal/apps/etp/app/[workspace]/consumer-dispute/cases/new/page.tsx,ETP_PAGE:/[workspace]/consumer-dispute/cases/new,本機動態/後台檔案，未納入公開站 crawl,不適用（未偵測到需查證法源）,0,0,0,0,已查證,本機檔案已盤點，未偵測法律法源、裁判字號或法律計算資料。
商業版 5 AI Pro,ETP 企業工作台,app/[workspace]/dashboard,/Users/chouchunyeh/Desktop/choulegal/apps/etp/app/[workspace]/dashboard/page.tsx,ETP_PAGE:/[workspace]/dashboard,本機動態/後台檔案，未納入公開站 crawl,不適用（未偵測到需查證法源）,0,0,0,0,已查證,本機檔案已盤點，未偵測法律法源、裁判字號或法律計算資料。
商業版 5 AI Pro,ETP 企業工作台,編輯案件 — 勞資爭議 · 周全專業版,/Users/chouchunyeh/Desktop/choulegal/apps/etp/app/[workspace]/labor-dispute/cases/[id]/page.tsx,ETP_PAGE:/[workspace]/labor-dispute/cases/[id],本機動態/後台檔案，未納入公開站 crawl,不適用（未偵測到需查證法源）,0,0,0,0,已查證,本機檔案已盤點，未偵測法律法源、裁判字號或法律計算資料。
商業版 5 AI Pro,ETP 企業工作台,新增案件 — 勞資爭議 · 周全專業版,/Users/chouchunyeh/Desktop/choulegal/apps/etp/app/[workspace]/labor-dispute/cases/new/page.tsx,ETP_PAGE:/[workspace]/labor-dispute/cases/new,本機動態/後台檔案，未納入公開站 crawl,不適用（未偵測到需查證法源）,0,0,0,0,已查證,本機檔案已盤點，未偵測法律法源、裁判字號或法律計算資料。
商業版 5 AI Pro,ETP 企業工作台,案件管理 — 勞資爭議 · 周全專業版,/Users/chouchunyeh/Desktop/choulegal/apps/etp/app/[workspace]/labor-dispute/cases/page.tsx,ETP_PAGE:/[workspace]/labor-dispute/cases,本機動態/後台檔案，未納入公開站 crawl,不適用（未偵測到需查證法源）,0,0,0,0,已查證,本機檔案已盤點，未偵測法律法源、裁判字號或法律計算資料。
商業版 5 AI Pro,ETP 企業工作台,解僱合法性檢查 — 勞資爭議 · 周全專業版,/Users/chouchunyeh/Desktop/choulegal/apps/etp/app/[workspace]/labor-dispute/dismissal-risk/page.tsx,ETP_PAGE:/[workspace]/labor-dispute/dismissal-risk,本機動態/後台檔案，未納入公開站 crawl,不適用（未偵測到需查證法源）,0,0,0,0,已查證,本機檔案已盤點，未偵測法律法源、裁判字號或法律計算資料。
商業版 5 AI Pro,ETP 企業工作台,競業禁止條款效力檢查 — 勞資爭議 · 周全專業版,/Users/chouchunyeh/Desktop/choulegal/apps/etp/app/[workspace]/labor-dispute/non-compete/page.tsx,ETP_PAGE:/[workspace]/labor-dispute/non-compete,本機動態/後台檔案，未納入公開站 crawl,不適用（未偵測到需查證法源）,0,0,0,0,已查證,本機檔案已盤點，未偵測法律法源、裁判字號或法律計算資料。
商業版 5 AI Pro,ETP 企業工作台,職災補償試算 — 勞資爭議 · 周全專業版,/Users/chouchunyeh/Desktop/choulegal/apps/etp/app/[workspace]/labor-dispute/occupational-injury/page.tsx,ETP_PAGE:/[workspace]/labor-dispute/occupational-injury,本機動態/後台檔案，未納入公開站 crawl,不適用（未偵測到需查證法源）,0,0,0,0,已查證,本機檔案已盤點，未偵測法律法源、裁判字號或法律計算資料。
商業版 5 AI Pro,ETP 企業工作台,[workspace]/onboarding/welcome,/Users/chouchunyeh/Desktop/choulegal/apps/etp/app/[workspace]/onboarding/welcome/page.tsx,ETP_PAGE:/[workspace]/onboarding/welcome,本機動態/後台檔案，未納入公開站 crawl,不適用（未偵測到需查證法源）,0,0,0,0,已查證,本機檔案已盤點，未偵測法律法源、裁判字號或法律計算資料。
商業版 5 AI Pro,ETP 企業工作台,美容美髮 行業風險試算 — 估算法定風險敞口｜周全專業版,/Users/chouchunyeh/Desktop/choulegal/apps/etp/app/[workspace]/scenarios/beauty/page.tsx,ETP_PAGE:/[workspace]/scenarios/beauty,本機動態/後台檔案，未納入公開站 crawl,不適用（未偵測到需查證法源）,0,0,0,0,已查證,本機檔案已盤點，未偵測法律法源、裁判字號或法律計算資料。
商業版 5 AI Pro,ETP 企業工作台,補習班／幼兒園 行業風險試算 — 估算法定風險敞口｜周全專業版,/Users/chouchunyeh/Desktop/choulegal/apps/etp/app/[workspace]/scenarios/cram-school/page.tsx,ETP_PAGE:/[workspace]/scenarios/cram-school,本機動態/後台檔案，未納入公開站 crawl,不適用（未偵測到需查證法源）,0,0,0,0,已查證,本機檔案已盤點，未偵測法律法源、裁判字號或法律計算資料。
商業版 5 AI Pro,ETP 企業工作台,排班合規檢查 — 周全專業版,/Users/chouchunyeh/Desktop/choulegal/apps/etp/app/[workspace]/schedule-check/page.tsx,ETP_PAGE:/[workspace]/schedule-check,本機動態/後台檔案，未納入公開站 crawl,不適用（未偵測到需查證法源）,0,0,0,0,已查證,本機檔案已盤點，未偵測法律法源、裁判字號或法律計算資料。
商業版 5 AI Pro,ETP 企業工作台,訂閱管理 — 周全,/Users/chouchunyeh/Desktop/choulegal/apps/etp/app/[workspace]/settings/billing/page.tsx,ETP_PAGE:/[workspace]/settings/billing,本機動態/後台檔案，未納入公開站 crawl,不適用（未偵測到需查證法源）,0,0,0,0,已查證,本機檔案已盤點，未偵測法律法源、裁判字號或法律計算資料。
商業版 5 AI Pro,ETP 企業工作台,升級訂閱 — 周全,/Users/chouchunyeh/Desktop/choulegal/apps/etp/app/[workspace]/settings/billing/upgrade/[module]/page.tsx,ETP_PAGE:/[workspace]/settings/billing/upgrade/[module],本機動態/後台檔案，未納入公開站 crawl,不適用（未偵測到需查證法源）,0,0,0,0,已查證,本機檔案已盤點，未偵測法律法源、裁判字號或法律計算資料。
商業版 5 AI Pro,ETP 企業工作台,白標設定 — 周全,/Users/chouchunyeh/Desktop/choulegal/apps/etp/app/[workspace]/settings/branding/page.tsx,ETP_PAGE:/[workspace]/settings/branding,本機動態/後台檔案，未納入公開站 crawl,不適用（未偵測到需查證法源）,0,0,0,0,已查證,本機檔案已盤點，未偵測法律法源、裁判字號或法律計算資料。
商業版 5 AI Pro,ETP 企業工作台,成員管理 — 周全,/Users/chouchunyeh/Desktop/choulegal/apps/etp/app/[workspace]/settings/members/page.tsx,ETP_PAGE:/[workspace]/settings/members,本機動態/後台檔案，未納入公開站 crawl,不適用（未偵測到需查證法源）,0,0,0,0,已查證,本機檔案已盤點，未偵測法律法源、裁判字號或法律計算資料。
商業版 5 AI Pro,ETP 企業工作台,MFA 裝置 — 周全,/Users/chouchunyeh/Desktop/choulegal/apps/etp/app/[workspace]/settings/security/devices/page.tsx,ETP_PAGE:/[workspace]/settings/security/devices,本機動態/後台檔案，未納入公開站 crawl,不適用（未偵測到需查證法源）,0,0,0,0,已查證,本機檔案已盤點，未偵測法律法源、裁判字號或法律計算資料。
商業版 5 AI Pro,ETP 企業工作台,啟用 MFA — 周全,/Users/chouchunyeh/Desktop/choulegal/apps/etp/app/[workspace]/settings/security/enroll/page.tsx,ETP_PAGE:/[workspace]/settings/security/enroll,本機動態/後台檔案，未納入公開站 crawl,不適用（未偵測到需查證法源）,0,0,0,0,已查證,本機檔案已盤點，未偵測法律法源、裁判字號或法律計算資料。
商業版 5 AI Pro,ETP 企業工作台,安全與 MFA — 周全,/Users/chouchunyeh/Desktop/choulegal/apps/etp/app/[workspace]/settings/security/page.tsx,ETP_PAGE:/[workspace]/settings/security,本機動態/後台檔案，未納入公開站 crawl,不適用（未偵測到需查證法源）,0,0,0,0,已查證,本機檔案已盤點，未偵測法律法源、裁判字號或法律計算資料。
商業版 5 AI Pro,ETP 企業工作台,Admin · Demo Leads — 周全,/Users/chouchunyeh/Desktop/choulegal/apps/etp/app/admin/leads/page.tsx,ETP_PAGE:/admin/leads,本機動態/後台檔案，未納入公開站 crawl,不適用（未偵測到需查證法源）,0,0,0,0,已查證,本機檔案已盤點，未偵測法律法源、裁判字號或法律計算資料。
商業版 5 AI Pro,ETP 企業工作台,[workspace]/audit/export,/Users/chouchunyeh/Desktop/choulegal/apps/etp/app/api/[workspace]/audit/export/route.ts,ETP_ROUTE:/api/[workspace]/audit/export,本機動態/後台檔案，未納入公開站 crawl,不適用（未偵測到需查證法源）,0,0,0,0,已查證,本機檔案已盤點，未偵測法律法源、裁判字號或法律計算資料。
商業版 5 AI Pro,ETP 企業工作台,api/[workspace]/audit,/Users/chouchunyeh/Desktop/choulegal/apps/etp/app/api/[workspace]/audit/route.ts,ETP_ROUTE:/api/[workspace]/audit,本機動態/後台檔案，未納入公開站 crawl,不適用（未偵測到需查證法源）,0,0,0,0,已查證,本機檔案已盤點，未偵測法律法源、裁判字號或法律計算資料。
商業版 5 AI Pro,ETP 企業工作台,[workspace]/billing/checkout,/Users/chouchunyeh/Desktop/choulegal/apps/etp/app/api/[workspace]/billing/checkout/route.ts,ETP_ROUTE:/api/[workspace]/billing/checkout,本機動態/後台檔案，未納入公開站 crawl,不適用（未偵測到需查證法源）,0,0,0,0,已查證,本機檔案已盤點，未偵測法律法源、裁判字號或法律計算資料。
商業版 5 AI Pro,ETP 企業工作台,api/[workspace]/billing,/Users/chouchunyeh/Desktop/choulegal/apps/etp/app/api/[workspace]/billing/route.ts,ETP_ROUTE:/api/[workspace]/billing,本機動態/後台檔案，未納入公開站 crawl,不適用（未偵測到需查證法源）,0,0,0,0,已查證,本機檔案已盤點，未偵測法律法源、裁判字號或法律計算資料。
商業版 5 AI Pro,ETP 企業工作台,api/[workspace]/calc-report,/Users/chouchunyeh/Desktop/choulegal/apps/etp/app/api/[workspace]/calc-report/route.ts,ETP_ROUTE:/api/[workspace]/calc-report,本機動態/後台檔案，未納入公開站 crawl,不適用（未偵測到需查證法源）,0,0,0,0,已查證,本機檔案已盤點，未偵測法律法源、裁判字號或法律計算資料。
商業版 5 AI Pro,ETP 企業工作台,[workspace]/calendar/[id],/Users/chouchunyeh/Desktop/choulegal/apps/etp/app/api/[workspace]/calendar/[id]/route.ts,ETP_ROUTE:/api/[workspace]/calendar/[id],本機動態/後台檔案，未納入公開站 crawl,不適用（未偵測到需查證法源）,0,0,0,0,已查證,本機檔案已盤點，未偵測法律法源、裁判字號或法律計算資料。
商業版 5 AI Pro,ETP 企業工作台,api/[workspace]/calendar,/Users/chouchunyeh/Desktop/choulegal/apps/etp/app/api/[workspace]/calendar/route.ts,ETP_ROUTE:/api/[workspace]/calendar,本機動態/後台檔案，未納入公開站 crawl,不適用（未偵測到需查證法源）,0,0,0,0,已查證,本機檔案已盤點，未偵測法律法源、裁判字號或法律計算資料。
商業版 5 AI Pro,ETP 企業工作台,cases/[id]/assets,/Users/chouchunyeh/Desktop/choulegal/apps/etp/app/api/[workspace]/cases/[id]/assets/route.ts,ETP_ROUTE:/api/[workspace]/cases/[id]/assets,本機動態/後台檔案，未納入公開站 crawl,不適用（未偵測到需查證法源）,0,0,0,0,已查證,本機檔案已盤點，未偵測法律法源、裁判字號或法律計算資料。
商業版 5 AI Pro,ETP 企業工作台,cases/[id]/calcs,/Users/chouchunyeh/Desktop/choulegal/apps/etp/app/api/[workspace]/cases/[id]/calcs/route.ts,ETP_ROUTE:/api/[workspace]/cases/[id]/calcs,本機動態/後台檔案，未納入公開站 crawl,不適用（未偵測到需查證法源）,0,0,0,0,已查證,本機檔案已盤點，未偵測法律法源、裁判字號或法律計算資料。
商業版 5 AI Pro,ETP 企業工作台,collaborators/[collabId]/resend,/Users/chouchunyeh/Desktop/choulegal/apps/etp/app/api/[workspace]/cases/[id]/collaborators/[collabId]/resend/route.ts,ETP_ROUTE:/api/[workspace]/cases/[id]/collaborators/[collabId]/resend,本機動態/後台檔案，未納入公開站 crawl,不適用（未偵測到需查證法源）,0,0,0,0,已查證,本機檔案已盤點，未偵測法律法源、裁判字號或法律計算資料。
商業版 5 AI Pro,ETP 企業工作台,[id]/collaborators/[collabId],/Users/chouchunyeh/Desktop/choulegal/apps/etp/app/api/[workspace]/cases/[id]/collaborators/[collabId]/route.ts,ETP_ROUTE:/api/[workspace]/cases/[id]/collaborators/[collabId],本機動態/後台檔案，未納入公開站 crawl,不適用（未偵測到需查證法源）,0,0,0,0,已查證,本機檔案已盤點，未偵測法律法源、裁判字號或法律計算資料。
商業版 5 AI Pro,ETP 企業工作台,[id]/deadlines/[deadlineId],/Users/chouchunyeh/Desktop/choulegal/apps/etp/app/api/[workspace]/cases/[id]/deadlines/[deadlineId]/route.ts,ETP_ROUTE:/api/[workspace]/cases/[id]/deadlines/[deadlineId],本機動態/後台檔案，未納入公開站 crawl,不適用（未偵測到需查證法源）,0,0,0,0,已查證,本機檔案已盤點，未偵測法律法源、裁判字號或法律計算資料。
商業版 5 AI Pro,ETP 企業工作台,cases/[id]/deadlines,/Users/chouchunyeh/Desktop/choulegal/apps/etp/app/api/[workspace]/cases/[id]/deadlines/route.ts,ETP_ROUTE:/api/[workspace]/cases/[id]/deadlines,本機動態/後台檔案，未納入公開站 crawl,不適用（未偵測到需查證法源）,0,0,0,0,已查證,本機檔案已盤點，未偵測法律法源、裁判字號或法律計算資料。
商業版 5 AI Pro,ETP 企業工作台,cases/[id]/document-pdf,/Users/chouchunyeh/Desktop/choulegal/apps/etp/app/api/[workspace]/cases/[id]/document-pdf/route.ts,ETP_ROUTE:/api/[workspace]/cases/[id]/document-pdf,本機動態/後台檔案，未納入公開站 crawl,不適用（未偵測到需查證法源）,0,0,0,0,已查證,本機檔案已盤點，未偵測法律法源、裁判字號或法律計算資料。
商業版 5 AI Pro,ETP 企業工作台,cases/[id]/draft-doc,/Users/chouchunyeh/Desktop/choulegal/apps/etp/app/api/[workspace]/cases/[id]/draft-doc/route.ts,ETP_ROUTE:/api/[workspace]/cases/[id]/draft-doc,本機動態/後台檔案，未納入公開站 crawl,不適用（未偵測到需查證法源）,0,0,0,0,已查證,本機檔案已盤點，未偵測法律法源、裁判字號或法律計算資料。
商業版 5 AI Pro,ETP 企業工作台,cases/[id]/heirs,/Users/chouchunyeh/Desktop/choulegal/apps/etp/app/api/[workspace]/cases/[id]/heirs/route.ts,ETP_ROUTE:/api/[workspace]/cases/[id]/heirs,本機動態/後台檔案，未納入公開站 crawl,不適用（未偵測到需查證法源）,0,0,0,0,已查證,本機檔案已盤點，未偵測法律法源、裁判字號或法律計算資料。
商業版 5 AI Pro,ETP 企業工作台,cases/[id]/report-pdf,/Users/chouchunyeh/Desktop/choulegal/apps/etp/app/api/[workspace]/cases/[id]/report-pdf/route.ts,ETP_ROUTE:/api/[workspace]/cases/[id]/report-pdf,本機動態/後台檔案，未納入公開站 crawl,不適用（未偵測到需查證法源）,0,0,0,0,已查證,本機檔案已盤點，未偵測法律法源、裁判字號或法律計算資料。
商業版 5 AI Pro,ETP 企業工作台,[workspace]/cases/[id],/Users/chouchunyeh/Desktop/choulegal/apps/etp/app/api/[workspace]/cases/[id]/route.ts,ETP_ROUTE:/api/[workspace]/cases/[id],本機動態/後台檔案，未納入公開站 crawl,不適用（未偵測到需查證法源）,0,0,0,0,已查證,本機檔案已盤點，未偵測法律法源、裁判字號或法律計算資料。
商業版 5 AI Pro,ETP 企業工作台,api/[workspace]/cases,/Users/chouchunyeh/Desktop/choulegal/apps/etp/app/api/[workspace]/cases/route.ts,ETP_ROUTE:/api/[workspace]/cases,本機動態/後台檔案，未納入公開站 crawl,不適用（未偵測到需查證法源）,0,0,0,0,已查證,本機檔案已盤點，未偵測法律法源、裁判字號或法律計算資料。
商業版 5 AI Pro,ETP 企業工作台,personnel-order/[id]/pdf,/Users/chouchunyeh/Desktop/choulegal/apps/etp/app/api/[workspace]/civil-service/personnel-order/[id]/pdf/route.ts,ETP_ROUTE:/api/[workspace]/civil-service/personnel-order/[id]/pdf,本機動態/後台檔案，未納入公開站 crawl,不適用（未偵測到需查證法源）,0,0,0,0,已查證,本機檔案已盤點，未偵測法律法源、裁判字號或法律計算資料。
商業版 5 AI Pro,ETP 企業工作台,civil-service/personnel-order/[id],/Users/chouchunyeh/Desktop/choulegal/apps/etp/app/api/[workspace]/civil-service/personnel-order/[id]/route.ts,ETP_ROUTE:/api/[workspace]/civil-service/personnel-order/[id],本機動態/後台檔案，未納入公開站 crawl,不適用（未偵測到需查證法源）,0,0,0,0,已查證,本機檔案已盤點，未偵測法律法源、裁判字號或法律計算資料。
商業版 5 AI Pro,ETP 企業工作台,[workspace]/employees/[id],/Users/chouchunyeh/Desktop/choulegal/apps/etp/app/api/[workspace]/employees/[id]/route.ts,ETP_ROUTE:/api/[workspace]/employees/[id],本機動態/後台檔案，未納入公開站 crawl,不適用（未偵測到需查證法源）,0,0,0,0,已查證,本機檔案已盤點，未偵測法律法源、裁判字號或法律計算資料。
商業版 5 AI Pro,ETP 企業工作台,[workspace]/employees/import,/Users/chouchunyeh/Desktop/choulegal/apps/etp/app/api/[workspace]/employees/import/route.ts,ETP_ROUTE:/api/[workspace]/employees/import,本機動態/後台檔案，未納入公開站 crawl,不適用（未偵測到需查證法源）,0,0,0,0,已查證,本機檔案已盤點，未偵測法律法源、裁判字號或法律計算資料。
商業版 5 AI Pro,ETP 企業工作台,employees/import/template,/Users/chouchunyeh/Desktop/choulegal/apps/etp/app/api/[workspace]/employees/import/template/route.ts,ETP_ROUTE:/api/[workspace]/employees/import/template,本機動態/後台檔案，未納入公開站 crawl,不適用（未偵測到需查證法源）,0,0,0,0,已查證,本機檔案已盤點，未偵測法律法源、裁判字號或法律計算資料。
商業版 5 AI Pro,ETP 企業工作台,人資,/Users/chouchunyeh/Desktop/choulegal/apps/etp/app/api/[workspace]/hrpro/health-check/pdf/route.ts,ETP_ROUTE:/api/[workspace]/hrpro/health-check/pdf,本機動態/後台檔案，未納入公開站 crawl,不適用（未偵測到需查證法源）,0,0,0,0,已查證,本機檔案已盤點，未偵測法律法源、裁判字號或法律計算資料。
商業版 5 AI Pro,ETP 企業工作台,hrpro/shifts/[id],/Users/chouchunyeh/Desktop/choulegal/apps/etp/app/api/[workspace]/hrpro/shifts/[id]/route.ts,ETP_ROUTE:/api/[workspace]/hrpro/shifts/[id],本機動態/後台檔案，未納入公開站 crawl,不適用（未偵測到需查證法源）,0,0,0,0,已查證,本機檔案已盤點，未偵測法律法源、裁判字號或法律計算資料。
商業版 5 AI Pro,ETP 企業工作台,[workspace]/hrpro/shifts,/Users/chouchunyeh/Desktop/choulegal/apps/etp/app/api/[workspace]/hrpro/shifts/route.ts,ETP_ROUTE:/api/[workspace]/hrpro/shifts,本機動態/後台檔案，未納入公開站 crawl,不適用（未偵測到需查證法源）,0,0,0,0,已查證,本機檔案已盤點，未偵測法律法源、裁判字號或法律計算資料。
商業版 5 AI Pro,ETP 企業工作台,[workspace]/invitations/[token],/Users/chouchunyeh/Desktop/choulegal/apps/etp/app/api/[workspace]/invitations/[token]/route.ts,ETP_ROUTE:/api/[workspace]/invitations/[token],本機動態/後台檔案，未納入公開站 crawl,不適用（未偵測到需查證法源）,0,0,0,0,已查證,本機檔案已盤點，未偵測法律法源、裁判字號或法律計算資料。
商業版 5 AI Pro,ETP 企業工作台,api/[workspace]/law-subscriptions,/Users/chouchunyeh/Desktop/choulegal/apps/etp/app/api/[workspace]/law-subscriptions/route.ts,ETP_ROUTE:/api/[workspace]/law-subscriptions,本機動態/後台檔案，未納入公開站 crawl,不適用（未偵測到需查證法源）,0,0,0,0,已查證,本機檔案已盤點，未偵測法律法源、裁判字號或法律計算資料。
商業版 5 AI Pro,ETP 企業工作台,[workspace]/members/[userId],/Users/chouchunyeh/Desktop/choulegal/apps/etp/app/api/[workspace]/members/[userId]/route.ts,ETP_ROUTE:/api/[workspace]/members/[userId],本機動態/後台檔案，未納入公開站 crawl,不適用（未偵測到需查證法源）,0,0,0,0,已查證,本機檔案已盤點，未偵測法律法源、裁判字號或法律計算資料。
商業版 5 AI Pro,ETP 企業工作台,api/[workspace]/members,/Users/chouchunyeh/Desktop/choulegal/apps/etp/app/api/[workspace]/members/route.ts,ETP_ROUTE:/api/[workspace]/members,本機動態/後台檔案，未納入公開站 crawl,不適用（未偵測到需查證法源）,0,0,0,0,已查證,本機檔案已盤點，未偵測法律法源、裁判字號或法律計算資料。
商業版 5 AI Pro,ETP 企業工作台,[workspace]/payroll/[employeeId],/Users/chouchunyeh/Desktop/choulegal/apps/etp/app/api/[workspace]/payroll/[employeeId]/route.ts,ETP_ROUTE:/api/[workspace]/payroll/[employeeId],本機動態/後台檔案，未納入公開站 crawl,不適用（未偵測到需查證法源）,0,0,0,0,已查證,本機檔案已盤點，未偵測法律法源、裁判字號或法律計算資料。
商業版 5 AI Pro,ETP 企業工作台,api/[workspace]/payroll,/Users/chouchunyeh/Desktop/choulegal/apps/etp/app/api/[workspace]/payroll/route.ts,ETP_ROUTE:/api/[workspace]/payroll,本機動態/後台檔案，未納入公開站 crawl,不適用（未偵測到需查證法源）,0,0,0,0,已查證,本機檔案已盤點，未偵測法律法源、裁判字號或法律計算資料。
商業版 5 AI Pro,ETP 企業工作台,api/[workspace]/stats,/Users/chouchunyeh/Desktop/choulegal/apps/etp/app/api/[workspace]/stats/route.ts,ETP_ROUTE:/api/[workspace]/stats,本機動態/後台檔案，未納入公開站 crawl,不適用（未偵測到需查證法源）,0,0,0,0,已查證,本機檔案已盤點，未偵測法律法源、裁判字號或法律計算資料。
商業版 5 AI Pro,ETP 企業工作台,api/account/data,/Users/chouchunyeh/Desktop/choulegal/apps/etp/app/api/account/data/route.ts,ETP_ROUTE:/api/account/data,本機動態/後台檔案，未納入公開站 crawl,不適用（未偵測到需查證法源）,0,0,0,0,已查證,本機檔案已盤點，未偵測法律法源、裁判字號或法律計算資料。
商業版 5 AI Pro,ETP 企業工作台,law-candidates/[id]/accept,/Users/chouchunyeh/Desktop/choulegal/apps/etp/app/api/admin/law-candidates/[id]/accept/route.ts,ETP_ROUTE:/api/admin/law-candidates/[id]/accept,本機動態/後台檔案，未納入公開站 crawl,不適用（未偵測到需查證法源）,0,0,0,0,已查證,本機檔案已盤點，未偵測法律法源、裁判字號或法律計算資料。
商業版 5 AI Pro,ETP 企業工作台,api/admin/law-candidates,/Users/chouchunyeh/Desktop/choulegal/apps/etp/app/api/admin/law-candidates/route.ts,ETP_ROUTE:/api/admin/law-candidates,本機動態/後台檔案，未納入公開站 crawl,不適用（未偵測到需查證法源）,0,0,0,0,已查證,本機檔案已盤點，未偵測法律法源、裁判字號或法律計算資料。
商業版 5 AI Pro,ETP 企業工作台,api/auth/install-session,/Users/chouchunyeh/Desktop/choulegal/apps/etp/app/api/auth/install-session/route.ts,ETP_ROUTE:/api/auth/install-session,本機動態/後台檔案，未納入公開站 crawl,不適用（未偵測到需查證法源）,0,0,0,0,已查證,本機檔案已盤點，未偵測法律法源、裁判字號或法律計算資料。
商業版 5 AI Pro,ETP 企業工作台,auth/mfa/backup-codes,/Users/chouchunyeh/Desktop/choulegal/apps/etp/app/api/auth/mfa/backup-codes/route.ts,ETP_ROUTE:/api/auth/mfa/backup-codes,本機動態/後台檔案，未納入公開站 crawl,不適用（未偵測到需查證法源）,0,0,0,0,已查證,本機檔案已盤點，未偵測法律法源、裁判字號或法律計算資料。
商業版 5 AI Pro,ETP 企業工作台,auth/mfa/devices,/Users/chouchunyeh/Desktop/choulegal/apps/etp/app/api/auth/mfa/devices/route.ts,ETP_ROUTE:/api/auth/mfa/devices,本機動態/後台檔案，未納入公開站 crawl,不適用（未偵測到需查證法源）,0,0,0,0,已查證,本機檔案已盤點，未偵測法律法源、裁判字號或法律計算資料。
商業版 5 AI Pro,ETP 企業工作台,auth/mfa/enroll,/Users/chouchunyeh/Desktop/choulegal/apps/etp/app/api/auth/mfa/enroll/route.ts,ETP_ROUTE:/api/auth/mfa/enroll,本機動態/後台檔案，未納入公開站 crawl,不適用（未偵測到需查證法源）,0,0,0,0,已查證,本機檔案已盤點，未偵測法律法源、裁判字號或法律計算資料。
商業版 5 AI Pro,ETP 企業工作台,auth/mfa/status,/Users/chouchunyeh/Desktop/choulegal/apps/etp/app/api/auth/mfa/status/route.ts,ETP_ROUTE:/api/auth/mfa/status,本機動態/後台檔案，未納入公開站 crawl,不適用（未偵測到需查證法源）,0,0,0,0,已查證,本機檔案已盤點，未偵測法律法源、裁判字號或法律計算資料。
商業版 5 AI Pro,ETP 企業工作台,auth/mfa/unenroll,/Users/chouchunyeh/Desktop/choulegal/apps/etp/app/api/auth/mfa/unenroll/route.ts,ETP_ROUTE:/api/auth/mfa/unenroll,本機動態/後台檔案，未納入公開站 crawl,不適用（未偵測到需查證法源）,0,0,0,0,已查證,本機檔案已盤點，未偵測法律法源、裁判字號或法律計算資料。
商業版 5 AI Pro,ETP 企業工作台,auth/mfa/verify-enroll,/Users/chouchunyeh/Desktop/choulegal/apps/etp/app/api/auth/mfa/verify-enroll/route.ts,ETP_ROUTE:/api/auth/mfa/verify-enroll,本機動態/後台檔案，未納入公開站 crawl,不適用（未偵測到需查證法源）,0,0,0,0,已查證,本機檔案已盤點，未偵測法律法源、裁判字號或法律計算資料。
商業版 5 AI Pro,ETP 企業工作台,api/cron/law-monitor-trigger,/Users/chouchunyeh/Desktop/choulegal/apps/etp/app/api/cron/law-monitor-trigger/route.ts,ETP_ROUTE:/api/cron/law-monitor-trigger,本機動態/後台檔案，未納入公開站 crawl,不適用（未偵測到需查證法源）,0,0,0,0,已查證,本機檔案已盤點，未偵測法律法源、裁判字號或法律計算資料。
商業版 5 AI Pro,ETP 企業工作台,api/cron/verify-pending-cases,/Users/chouchunyeh/Desktop/choulegal/apps/etp/app/api/cron/verify-pending-cases/route.ts,ETP_ROUTE:/api/cron/verify-pending-cases,本機動態/後台檔案，未納入公開站 crawl,不適用（未偵測到需查證法源）,0,0,0,0,已查證,本機檔案已盤點，未偵測法律法源、裁判字號或法律計算資料。
商業版 5 AI Pro,ETP 企業工作台,api/invite/[token],/Users/chouchunyeh/Desktop/choulegal/apps/etp/app/api/invite/[token]/route.ts,ETP_ROUTE:/api/invite/[token],本機動態/後台檔案，未納入公開站 crawl,不適用（未偵測到需查證法源）,0,0,0,0,已查證,本機檔案已盤點，未偵測法律法源、裁判字號或法律計算資料。
商業版 5 AI Pro,ETP 企業工作台,invite/workspace/[token],/Users/chouchunyeh/Desktop/choulegal/apps/etp/app/api/invite/workspace/[token]/route.ts,ETP_ROUTE:/api/invite/workspace/[token],本機動態/後台檔案，未納入公開站 crawl,不適用（未偵測到需查證法源）,0,0,0,0,已查證,本機檔案已盤點，未偵測法律法源、裁判字號或法律計算資料。
商業版 5 AI Pro,ETP 企業工作台,api/notifications/mark-all-read,/Users/chouchunyeh/Desktop/choulegal/apps/etp/app/api/notifications/mark-all-read/route.ts,ETP_ROUTE:/api/notifications/mark-all-read,本機動態/後台檔案，未納入公開站 crawl,不適用（未偵測到需查證法源）,0,0,0,0,已查證,本機檔案已盤點，未偵測法律法源、裁判字號或法律計算資料。
商業版 5 AI Pro,ETP 企業工作台,app/api/notifications,/Users/chouchunyeh/Desktop/choulegal/apps/etp/app/api/notifications/route.ts,ETP_ROUTE:/api/notifications,本機動態/後台檔案，未納入公開站 crawl,不適用（未偵測到需查證法源）,0,0,0,0,已查證,本機檔案已盤點，未偵測法律法源、裁判字號或法律計算資料。
商業版 5 AI Pro,ETP 企業工作台,api/onboarding/check-slug,/Users/chouchunyeh/Desktop/choulegal/apps/etp/app/api/onboarding/check-slug/route.ts,ETP_ROUTE:/api/onboarding/check-slug,本機動態/後台檔案，未納入公開站 crawl,不適用（未偵測到需查證法源）,0,0,0,0,已查證,本機檔案已盤點，未偵測法律法源、裁判字號或法律計算資料。
商業版 5 AI Pro,ETP 企業工作台,app/api/unlock,/Users/chouchunyeh/Desktop/choulegal/apps/etp/app/api/unlock/route.ts,ETP_ROUTE:/api/unlock,本機動態/後台檔案，未納入公開站 crawl,不適用（未偵測到需查證法源）,0,0,0,0,已查證,本機檔案已盤點，未偵測法律法源、裁判字號或法律計算資料。
商業版 5 AI Pro,ETP 企業工作台,api/webhooks/resend,/Users/chouchunyeh/Desktop/choulegal/apps/etp/app/api/webhooks/resend/route.ts,ETP_ROUTE:/api/webhooks/resend,本機動態/後台檔案，未納入公開站 crawl,不適用（未偵測到需查證法源）,0,0,0,0,已查證,本機檔案已盤點，未偵測法律法源、裁判字號或法律計算資料。
商業版 5 AI Pro,ETP 企業工作台,api/webhooks/stripe,/Users/chouchunyeh/Desktop/choulegal/apps/etp/app/api/webhooks/stripe/route.ts,ETP_ROUTE:/api/webhooks/stripe,本機動態/後台檔案，未納入公開站 crawl,不適用（未偵測到需查證法源）,0,0,0,0,已查證,本機檔案已盤點，未偵測法律法源、裁判字號或法律計算資料。
商業版 5 AI Pro,ETP 企業工作台,api/webhooks/tappay,/Users/chouchunyeh/Desktop/choulegal/apps/etp/app/api/webhooks/tappay/route.ts,ETP_ROUTE:/api/webhooks/tappay,本機動態/後台檔案，未納入公開站 crawl,不適用（未偵測到需查證法源）,0,0,0,0,已查證,本機檔案已盤點，未偵測法律法源、裁判字號或法律計算資料。
商業版 5 AI Pro,ETP 企業工作台,app/auth/callback,/Users/chouchunyeh/Desktop/choulegal/apps/etp/app/auth/callback/route.ts,ETP_ROUTE:/auth/callback,本機動態/後台檔案，未納入公開站 crawl,不適用（未偵測到需查證法源）,0,0,0,0,已查證,本機檔案已盤點，未偵測法律法源、裁判字號或法律計算資料。
商業版 5 AI Pro,ETP 企業工作台,app/auth/set-password,/Users/chouchunyeh/Desktop/choulegal/apps/etp/app/auth/set-password/page.tsx,ETP_PAGE:/auth/set-password,本機動態/後台檔案，未納入公開站 crawl,不適用（未偵測到需查證法源）,0,0,0,0,已查證,本機檔案已盤點，未偵測法律法源、裁判字號或法律計算資料。
商業版 5 AI Pro,ETP 企業工作台,etp/app/dashboard,/Users/chouchunyeh/Desktop/choulegal/apps/etp/app/dashboard/page.tsx,ETP_PAGE:/dashboard,本機動態/後台檔案，未納入公開站 crawl,不適用（未偵測到需查證法源）,0,0,0,0,已查證,本機檔案已盤點，未偵測法律法源、裁判字號或法律計算資料。
商業版 5 AI Pro,ETP 企業工作台,功能 — 周全專業版,/Users/chouchunyeh/Desktop/choulegal/apps/etp/app/features/page.tsx,ETP_PAGE:/features,本機動態/後台檔案，未納入公開站 crawl,不適用（未偵測到需查證法源）,0,0,0,0,已查證,本機檔案已盤點，未偵測法律法源、裁判字號或法律計算資料。
商業版 5 AI Pro,ETP 企業工作台,周全專業版,/Users/chouchunyeh/Desktop/choulegal/apps/etp/app/locked/page.tsx,ETP_PAGE:/locked,本機動態/後台檔案，未納入公開站 crawl,不適用（未偵測到需查證法源）,0,0,0,0,已查證,本機檔案已盤點，未偵測法律法源、裁判字號或法律計算資料。
商業版 5 AI Pro,ETP 企業工作台,app/login/mfa-challenge,/Users/chouchunyeh/Desktop/choulegal/apps/etp/app/login/mfa-challenge/page.tsx,ETP_PAGE:/login/mfa-challenge,本機動態/後台檔案，未納入公開站 crawl,不適用（未偵測到需查證法源）,0,0,0,0,已查證,本機檔案已盤點，未偵測法律法源、裁判字號或法律計算資料。
商業版 5 AI Pro,ETP 企業工作台,etp/app/login,/Users/chouchunyeh/Desktop/choulegal/apps/etp/app/login/page.tsx,ETP_PAGE:/login,本機動態/後台檔案，未納入公開站 crawl,不適用（未偵測到需查證法源）,0,0,0,0,已查證,本機檔案已盤點，未偵測法律法源、裁判字號或法律計算資料。
商業版 5 AI Pro,ETP 企業工作台,etp/app/logout,/Users/chouchunyeh/Desktop/choulegal/apps/etp/app/logout/route.ts,ETP_ROUTE:/logout,本機動態/後台檔案，未納入公開站 crawl,不適用（未偵測到需查證法源）,0,0,0,0,已查證,本機檔案已盤點，未偵測法律法源、裁判字號或法律計算資料。
商業版 5 AI Pro,ETP 企業工作台,${r.name} — 周全專業版,/Users/chouchunyeh/Desktop/choulegal/apps/etp/app/roles/[role]/page.tsx,ETP_PAGE:/roles/[role],本機動態/後台檔案，未納入公開站 crawl,不適用（未偵測到需查證法源）,0,0,0,0,已查證,本機檔案已盤點，未偵測法律法源、裁判字號或法律計算資料。
商業版 5 AI Pro,ETP 企業工作台,選身份 — 周全專業版,/Users/chouchunyeh/Desktop/choulegal/apps/etp/app/roles/page.tsx,ETP_PAGE:/roles,本機動態/後台檔案，未納入公開站 crawl,不適用（未偵測到需查證法源）,0,0,0,0,已查證,本機檔案已盤點，未偵測法律法源、裁判字號或法律計算資料。
民眾版,民法財產權／繼承贈與計算平台,車禍損害賠償試算｜InheritancePro,/Users/chouchunyeh/Desktop/choulegal/apps/inheritancepro/accident.html,https://inheritance.choulegal.com/accident.html,200,https://law.moj.gov.tw/LawClass/LawSingle.aspx?pcode=B0000001&flno=129; https://law.moj.gov.tw/LawClass/LawSingle.aspx?pcode=B0000001&flno=184; https://law.moj.gov.tw/LawClass/LawSingle.aspx?pcode=B0000001&flno=192; https://law.moj.gov.tw/LawClass/LawSingle.aspx?pcode=B0000001&flno=193; https://law.moj.gov.tw/LawClass/LawSingle.aspx?pcode=B0000001&flno=194; https://law.moj.gov.tw/LawClass/LawSingle.aspx?pcode=B0000001&flno=195; https://law.moj.gov.tw/LawClass/LawSingle.aspx?pcode=B0000001&flno=197; https://law.moj.gov.tw/LawClass/LawSingle.aspx?pcode=B0000001&flno=2; https://law.moj.gov.tw/LawClass/LawSingle.aspx?pcode=B0000001&flno=217; https://law.moj.gov.tw/LawClass/LawSingle.aspx?pcode=B0000001&flno=25; https://law.moj.gov.tw/LawClass/LawSingle.aspx?pcode=B0000001&flno=3; https://law.moj.gov.tw/LawClass/LawSingle.aspx?pcode=B0000001&flno=32; https://law.moj.gov.tw/LawClass/LawSingle.aspx?pcode=B0000001&flno=6,13,100,0,0,已查證,公開頁已納入官方來源查核；未見待修正或待補來源項目。
民眾版,民法財產權／繼承贈與計算平台,脫產偵測模組｜InheritancePro,/Users/chouchunyeh/Desktop/choulegal/apps/inheritancepro/asset-detection.html,https://inheritance.choulegal.com/asset-detection.html,200,https://cons.judicial.gov.tw/docdata.aspx?fid=38&id=349244; https://law.moj.gov.tw/LawClass/LawSingle.aspx?pcode=B0000001&flno=1138; https://law.moj.gov.tw/LawClass/LawSingle.aspx?pcode=B0000001&flno=1140; https://law.moj.gov.tw/LawClass/LawSingle.aspx?pcode=B0000001&flno=1148-1; https://law.moj.gov.tw/LawClass/LawSingle.aspx?pcode=B0000001&flno=1174; https://law.moj.gov.tw/LawClass/LawSingle.aspx?pcode=B0000001&flno=15; https://law.moj.gov.tw/LawClass/LawSingle.aspx?pcode=B0000001&flno=244; https://law.moj.gov.tw/LawClass/LawSingle.aspx?pcode=B0000001&flno=245; https://law.moj.gov.tw/LawClass/LawSingle.aspx?pcode=C0000001&flno=15; https://law.moj.gov.tw/LawClass/LawSingle.aspx?pcode=C0000001&flno=244; https://law.moj.gov.tw/LawClass/LawSingle.aspx?pcode=C0000001&flno=356; https://law.moj.gov.tw/LawClass/LawSingle.aspx?pcode=G0340072&flno=15; https://law.moj.gov.tw/LawClass/LawSingle.aspx?pcode=G0340072&flno=17-1; https://law.moj.gov.tw/LawClass/LawSingle.aspx?pcode=G0340072&flno=5,14,106,0,0,已查證,公開頁已納入官方來源查核；未見待修正或待補來源項目。
民眾版,民法財產權／繼承贈與計算平台,登入中…｜InheritancePro,/Users/chouchunyeh/Desktop/choulegal/apps/inheritancepro/auth-callback.html,https://inheritance.choulegal.com/auth-callback.html,未在公開 crawl 清單,不適用（未偵測到需查證法源）,0,0,0,0,已查證,本機檔案已盤點，未偵測法律法源、裁判字號或法律計算資料。
民眾版,民法財產權／繼承贈與計算平台,客戶案件管理｜InheritancePro — 已整合至期限管理儀表板,/Users/chouchunyeh/Desktop/choulegal/apps/inheritancepro/case-manager.html,https://inheritance.choulegal.com/case-manager.html,200,https://law.moj.gov.tw/LawClass/LawSingle.aspx?pcode=B0000001&flno=1148; https://law.moj.gov.tw/LawClass/LawSingle.aspx?pcode=B0000001&flno=1148-1; https://law.moj.gov.tw/LawClass/LawSingle.aspx?pcode=B0000001&flno=1156; https://law.moj.gov.tw/LawClass/LawSingle.aspx?pcode=B0000001&flno=1157; https://law.moj.gov.tw/LawClass/LawSingle.aspx?pcode=B0000001&flno=1174; https://law.moj.gov.tw/LawClass/LawSingle.aspx?pcode=B0000001&flno=44; https://law.moj.gov.tw/LawClass/LawSingle.aspx?pcode=B0000001&flno=46; https://law.moj.gov.tw/LawClass/LawSingle.aspx?pcode=G0340072&flno=23; https://law.moj.gov.tw/LawClass/LawSingle.aspx?pcode=G0340072&flno=26,9,18,0,0,已查證,公開頁已納入官方來源查核；未見待修正或待補來源項目。
民眾版,民法財產權／繼承贈與計算平台,子女扶養費計算｜InheritancePro,/Users/chouchunyeh/Desktop/choulegal/apps/inheritancepro/child-support.html,https://inheritance.choulegal.com/child-support.html,200,https://law.moj.gov.tw/LawClass/LawSingle.aspx?pcode=B0000001&flno=1084; https://law.moj.gov.tw/LawClass/LawSingle.aspx?pcode=B0000001&flno=1116-2; https://law.moj.gov.tw/LawClass/LawSingle.aspx?pcode=B0000001&flno=1117; https://law.moj.gov.tw/LawClass/LawSingle.aspx?pcode=B0000001&flno=1118-1; https://law.moj.gov.tw/LawClass/LawSingle.aspx?pcode=B0000001&flno=1119,5,24,0,0,已查證,公開頁已納入官方來源查核；未見待修正或待補來源項目。
民眾版,民法財產權／繼承贈與計算平台,繼承期限管理儀表板｜InheritancePro,/Users/chouchunyeh/Desktop/choulegal/apps/inheritancepro/deadline-dashboard.html,https://inheritance.choulegal.com/deadline-dashboard.html,200,https://law.moj.gov.tw/LawClass/LawSingle.aspx?pcode=B0000001&flno=1148; https://law.moj.gov.tw/LawClass/LawSingle.aspx?pcode=B0000001&flno=1148-1; https://law.moj.gov.tw/LawClass/LawSingle.aspx?pcode=B0000001&flno=1156; https://law.moj.gov.tw/LawClass/LawSingle.aspx?pcode=B0000001&flno=1157; https://law.moj.gov.tw/LawClass/LawSingle.aspx?pcode=B0000001&flno=1174; https://law.moj.gov.tw/LawClass/LawSingle.aspx?pcode=B0000001&flno=44; https://law.moj.gov.tw/LawClass/LawSingle.aspx?pcode=B0000001&flno=46; https://law.moj.gov.tw/LawClass/LawSingle.aspx?pcode=G0340072&flno=23; https://law.moj.gov.tw/LawClass/LawSingle.aspx?pcode=G0340072&flno=26,9,18,0,0,已查證,公開頁已納入官方來源查核；未見待修正或待補來源項目。
民眾版,民法財產權／繼承贈與計算平台,離婚協議書草稿產生器｜InheritancePro,/Users/chouchunyeh/Desktop/choulegal/apps/inheritancepro/divorce-agreement.html,https://inheritance.choulegal.com/divorce-agreement.html,200,https://judgment.judicial.gov.tw/FJUD/data.aspx?ty=JD&id=TPSV%2c68%2c%e5%8f%b0%e4%b8%8a%2c3792%2c19791214%2c1&ot=in; https://law.moj.gov.tw/LawClass/LawSingle.aspx?pcode=B0000001&flno=1030-1; https://law.moj.gov.tw/LawClass/LawSingle.aspx?pcode=B0000001&flno=1050; https://law.moj.gov.tw/LawClass/LawSingle.aspx?pcode=B0000001&flno=1052; https://law.moj.gov.tw/LawClass/LawSingle.aspx?pcode=B0000001&flno=1055; https://law.moj.gov.tw/LawClass/LawSingle.aspx?pcode=B0000001&flno=1055-1; https://law.moj.gov.tw/LawClass/LawSingle.aspx?pcode=B0000001&flno=1057,7,16,0,0,已查證,公開頁已納入官方來源查核；未見待修正或待補來源項目。
民眾版,民法財產權／繼承贈與計算平台,特留分侵害試算｜InheritancePro,/Users/chouchunyeh/Desktop/choulegal/apps/inheritancepro/forced-share.html,https://inheritance.choulegal.com/forced-share.html,200,https://judgment.judicial.gov.tw/FJUD/data.aspx?ty=JD&id=TPSV%2c104%2c%e5%8f%b0%e4%b8%8a%2c521%2c20150326&ot=in; https://law.moj.gov.tw/LawClass/LawSingle.aspx?pcode=B0000001&flno=1138; https://law.moj.gov.tw/LawClass/LawSingle.aspx?pcode=B0000001&flno=1146; https://law.moj.gov.tw/LawClass/LawSingle.aspx?pcode=B0000001&flno=1148-1; https://law.moj.gov.tw/LawClass/LawSingle.aspx?pcode=B0000001&flno=1173; https://law.moj.gov.tw/LawClass/LawSingle.aspx?pcode=B0000001&flno=1223; https://law.moj.gov.tw/LawClass/LawSingle.aspx?pcode=B0000001&flno=1224; https://law.moj.gov.tw/LawClass/LawSingle.aspx?pcode=B0000001&flno=1225; https://law.moj.gov.tw/LawClass/LawSingle.aspx?pcode=B0000001&flno=197,9,38,0,0,已查證,公開頁已納入官方來源查核；未見待修正或待補來源項目。
民眾版,民法財產權／繼承贈與計算平台,google40bcdb71d64c63a5,/Users/chouchunyeh/Desktop/choulegal/apps/inheritancepro/google40bcdb71d64c63a5.html,https://inheritance.choulegal.com/google40bcdb71d64c63a5.html,未在公開 crawl 清單,不適用（未偵測到需查證法源）,0,0,0,0,已查證,本機檔案已盤點，未偵測法律法源、裁判字號或法律計算資料。
民眾版,民法財產權／繼承贈與計算平台,InheritancePro｜民法財產權事件包與工具,/Users/chouchunyeh/Desktop/choulegal/apps/inheritancepro/index.html,https://inheritance.choulegal.com/,200,不適用（未偵測到需查證法源）,0,0,0,0,已查證,公開頁已掃描，未偵測需引用官方法源的法條、裁判或法律常數。
民眾版,民法財產權／繼承贈與計算平台,轉跳中...,/Users/chouchunyeh/Desktop/choulegal/apps/inheritancepro/insurance-amt.html,https://inheritance.choulegal.com/insurance-amt.html,未在公開 crawl 清單,不適用（未偵測到需查證法源）,0,0,0,0,已查證,本機檔案已盤點，未偵測法律法源、裁判字號或法律計算資料。
民眾版,民法財產權／繼承贈與計算平台,保單價值準備金離婚財產分配計算器｜InheritancePro,/Users/chouchunyeh/Desktop/choulegal/apps/inheritancepro/insurance-divorce.html,https://inheritance.choulegal.com/insurance-divorce.html,200,https://law.moj.gov.tw/LawClass/LawSingle.aspx?pcode=B0000001&flno=1030-1; https://law.moj.gov.tw/LawClass/LawSingle.aspx?pcode=B0000001&flno=1030-3; https://law.moj.gov.tw/LawClass/LawSingle.aspx?pcode=B0000001&flno=1030-4; https://law.moj.gov.tw/LawClass/LawSingle.aspx?pcode=G0340003&flno=14; https://law.moj.gov.tw/LawClass/LawSingle.aspx?pcode=G0390002&flno=119,5,40,0,0,已查證,公開頁已納入官方來源查核；未見待修正或待補來源項目。
民眾版,民法財產權／繼承贈與計算平台,轉跳中...,/Users/chouchunyeh/Desktop/choulegal/apps/inheritancepro/insurance-forced-share.html,https://inheritance.choulegal.com/insurance-forced-share.html,未在公開 crawl 清單,不適用（未偵測到需查證法源）,0,0,0,0,已查證,本機檔案已盤點，未偵測法律法源、裁判字號或法律計算資料。
民眾版,民法財產權／繼承贈與計算平台,要保人過世保單處理決策器｜InheritancePro,/Users/chouchunyeh/Desktop/choulegal/apps/inheritancepro/insurance-policyholder-death.html,https://inheritance.choulegal.com/insurance-policyholder-death.html,200,https://law.moj.gov.tw/LawClass/LawSingle.aspx?pcode=B0000001&flno=108; https://law.moj.gov.tw/LawClass/LawSingle.aspx?pcode=B0000001&flno=1148; https://law.moj.gov.tw/LawClass/LawSingle.aspx?pcode=B0000001&flno=116; https://law.moj.gov.tw/LawClass/LawSingle.aspx?pcode=B0000001&flno=119; https://law.moj.gov.tw/LawClass/LawSingle.aspx?pcode=B0000001&flno=4; https://law.moj.gov.tw/LawClass/LawSingle.aspx?pcode=B0000001&flno=44; https://law.moj.gov.tw/LawClass/LawSingle.aspx?pcode=G0340003&flno=4; https://law.moj.gov.tw/LawClass/LawSingle.aspx?pcode=G0340072&flno=1; https://law.moj.gov.tw/LawClass/LawSingle.aspx?pcode=G0340072&flno=16; https://law.moj.gov.tw/LawClass/LawSingle.aspx?pcode=G0340072&flno=17; https://law.moj.gov.tw/LawClass/LawSingle.aspx?pcode=G0390002&flno=112; https://law.moj.gov.tw/LawClass/LawSingle.aspx?pcode=G0390002&flno=3,12,36,0,0,已查證,公開頁已納入官方來源查核；未見待修正或待補來源項目。
民眾版,民法財產權／繼承贈與計算平台,限定繼承債務試算｜InheritancePro,/Users/chouchunyeh/Desktop/choulegal/apps/inheritancepro/limited-inheritance.html,https://inheritance.choulegal.com/limited-inheritance.html,200,https://law.moj.gov.tw/LawClass/LawSingle.aspx?pcode=B0000001&flno=1148; https://law.moj.gov.tw/LawClass/LawSingle.aspx?pcode=B0000001&flno=1153; https://law.moj.gov.tw/LawClass/LawSingle.aspx?pcode=B0000001&flno=1154; https://law.moj.gov.tw/LawClass/LawSingle.aspx?pcode=B0000001&flno=1156; https://law.moj.gov.tw/LawClass/LawSingle.aspx?pcode=B0000001&flno=1159; https://law.moj.gov.tw/LawClass/LawSingle.aspx?pcode=B0000001&flno=1160; https://law.moj.gov.tw/LawClass/LawSingle.aspx?pcode=B0000001&flno=1174; https://law.moj.gov.tw/LawClass/LawSingle.aspx?pcode=B0000001&flno=244,8,50,0,0,已查證,公開頁已納入官方來源查核；未見待修正或待補來源項目。
民眾版,民法財產權／繼承贈與計算平台,訴訟強度評估｜InheritancePro,/Users/chouchunyeh/Desktop/choulegal/apps/inheritancepro/litigation-strength.html,https://inheritance.choulegal.com/litigation-strength.html,200,https://law.moj.gov.tw/LawClass/LawSingle.aspx?pcode=B0000001&flno=1146; https://law.moj.gov.tw/LawClass/LawSingle.aspx?pcode=B0000001&flno=197; https://law.moj.gov.tw/LawClass/LawSingle.aspx?pcode=B0000001&flno=23; https://law.moj.gov.tw/LawClass/LawSingle.aspx?pcode=B0000001&flno=244; https://law.moj.gov.tw/LawClass/LawSingle.aspx?pcode=B0000001&flno=522,5,12,0,0,已查證,公開頁已納入官方來源查核；未見待修正或待補來源項目。
民眾版,民法財產權／繼承贈與計算平台,登入｜InheritancePro,/Users/chouchunyeh/Desktop/choulegal/apps/inheritancepro/login.html,https://inheritance.choulegal.com/login.html,未在公開 crawl 清單,不適用（未偵測到需查證法源）,0,0,0,0,已查證,本機檔案已盤點，未偵測法律法源、裁判字號或法律計算資料。
民眾版,民法財產權／繼承贈與計算平台,未成年損害賠償試算｜InheritancePro,/Users/chouchunyeh/Desktop/choulegal/apps/inheritancepro/minor-damages.html,https://inheritance.choulegal.com/minor-damages.html,200,https://law.moj.gov.tw/LawClass/LawSingle.aspx?pcode=B0000001&flno=13; https://law.moj.gov.tw/LawClass/LawSingle.aspx?pcode=B0000001&flno=184; https://law.moj.gov.tw/LawClass/LawSingle.aspx?pcode=B0000001&flno=187; https://law.moj.gov.tw/LawClass/LawSingle.aspx?pcode=B0000001&flno=188; https://law.moj.gov.tw/LawClass/LawSingle.aspx?pcode=B0000001&flno=195; https://law.moj.gov.tw/LawClass/LawSingle.aspx?pcode=B0000001&flno=197; https://law.moj.gov.tw/LawClass/LawSingle.aspx?pcode=C0000001&flno=195; https://law.moj.gov.tw/LawClass/LawSingle.aspx?pcode=I0020004&flno=2,8,40,0,0,已查證,公開頁已納入官方來源查核；未見待修正或待補來源項目。
民眾版,民法財產權／繼承贈與計算平台,消滅時效計算器｜InheritancePro,/Users/chouchunyeh/Desktop/choulegal/apps/inheritancepro/prescription.html,https://inheritance.choulegal.com/prescription.html,200,https://cons.judicial.gov.tw/docdata.aspx?fid=100&id=310952; https://law.moj.gov.tw/LawClass/LawSingle.aspx?pcode=B0000001&flno=1146; https://law.moj.gov.tw/LawClass/LawSingle.aspx?pcode=B0000001&flno=1225; https://law.moj.gov.tw/LawClass/LawSingle.aspx?pcode=B0000001&flno=125; https://law.moj.gov.tw/LawClass/LawSingle.aspx?pcode=B0000001&flno=126; https://law.moj.gov.tw/LawClass/LawSingle.aspx?pcode=B0000001&flno=127; https://law.moj.gov.tw/LawClass/LawSingle.aspx?pcode=B0000001&flno=128; https://law.moj.gov.tw/LawClass/LawSingle.aspx?pcode=B0000001&flno=129; https://law.moj.gov.tw/LawClass/LawSingle.aspx?pcode=B0000001&flno=130; https://law.moj.gov.tw/LawClass/LawSingle.aspx?pcode=B0000001&flno=137; https://law.moj.gov.tw/LawClass/LawSingle.aspx?pcode=B0000001&flno=139-143; https://law.moj.gov.tw/LawClass/LawSingle.aspx?pcode=B0000001&flno=144; https://law.moj.gov.tw/LawClass/LawSingle.aspx?pcode=B0000001&flno=197,13,82,0,0,已查證,公開頁已納入官方來源查核；未見待修正或待補來源項目。
民眾版,民法財產權／繼承贈與計算平台,所有用戶免費｜InheritancePro,/Users/chouchunyeh/Desktop/choulegal/apps/inheritancepro/pricing.html,https://inheritance.choulegal.com/pricing.html,200,不適用（未偵測到需查證法源）,0,0,0,0,已查證,公開頁已掃描，未偵測需引用官方法源的法條、裁判或法律常數。
民眾版,民法財產權／繼承贈與計算平台,隱私權政策｜InheritancePro,/Users/chouchunyeh/Desktop/choulegal/apps/inheritancepro/privacy.html,https://inheritance.choulegal.com/privacy.html,200,不適用（未偵測到需查證法源）,0,0,0,0,已查證,公開頁已掃描，未偵測需引用官方法源的法條、裁判或法律常數。
民眾版,民法財產權／繼承贈與計算平台,婚後財產判斷器｜InheritancePro,/Users/chouchunyeh/Desktop/choulegal/apps/inheritancepro/property-check.html,https://inheritance.choulegal.com/property-check.html,200,不適用（未偵測到需查證法源）,0,0,0,0,已查證,公開頁已掃描，未偵測需引用官方法源的法條、裁判或法律常數。
民眾版,民法財產權／繼承贈與計算平台,房地合一稅試算（繼承後出售）｜InheritancePro — 已整合至不動產繼承稅務試算,/Users/chouchunyeh/Desktop/choulegal/apps/inheritancepro/property-sale-tax.html,https://inheritance.choulegal.com/property-sale-tax.html,未在公開 crawl 清單,不適用（未偵測到需查證法源）,0,0,0,0,已查證,本機檔案已盤點，未偵測法律法源、裁判字號或法律計算資料。
民眾版,民法財產權／繼承贈與計算平台,剩餘財產差額分配請求權｜InheritancePro,/Users/chouchunyeh/Desktop/choulegal/apps/inheritancepro/property-split.html,https://inheritance.choulegal.com/property-split.html,200,https://law.moj.gov.tw/LawClass/LawSingle.aspx?pcode=B0000001&flno=1017; https://law.moj.gov.tw/LawClass/LawSingle.aspx?pcode=B0000001&flno=1020-1; https://law.moj.gov.tw/LawClass/LawSingle.aspx?pcode=B0000001&flno=1030-1; https://law.moj.gov.tw/LawClass/LawSingle.aspx?pcode=B0000001&flno=1030-4,4,24,0,0,已查證,公開頁已納入官方來源查核；未見待修正或待補來源項目。
民眾版,民法財產權／繼承贈與計算平台,繼承與財產權自救指南 — 遇到這些情況怎麼辦｜InheritancePro,/Users/chouchunyeh/Desktop/choulegal/apps/inheritancepro/self-help.html,https://inheritance.choulegal.com/self-help.html,200,https://law.moj.gov.tw/LawClass/LawSingle.aspx?pcode=B0000001&flno=1030; https://law.moj.gov.tw/LawClass/LawSingle.aspx?pcode=B0000001&flno=1148; https://law.moj.gov.tw/LawClass/LawSingle.aspx?pcode=B0000001&flno=1164; https://law.moj.gov.tw/LawClass/LawSingle.aspx?pcode=B0000001&flno=1174; https://law.moj.gov.tw/LawClass/LawSingle.aspx?pcode=B0000001&flno=1189; https://law.moj.gov.tw/LawClass/LawSingle.aspx?pcode=B0000001&flno=1223,6,12,0,0,已查證,公開頁已納入官方來源查核；未見待修正或待補來源項目。
民眾版,民法財產權／繼承贈與計算平台,和解金額試算｜InheritancePro,/Users/chouchunyeh/Desktop/choulegal/apps/inheritancepro/settlement-calc.html,https://inheritance.choulegal.com/settlement-calc.html,200,https://law.moj.gov.tw/LawClass/LawSingle.aspx?pcode=B0000001&flno=736; https://law.moj.gov.tw/LawClass/LawSingle.aspx?pcode=B0000001&flno=737; https://law.moj.gov.tw/LawClass/LawSingle.aspx?pcode=B0000001&flno=738,3,24,0,0,已查證,公開頁已納入官方來源查核；未見待修正或待補來源項目。
民眾版,民法財產權／繼承贈與計算平台,股票繼承估算｜InheritancePro,/Users/chouchunyeh/Desktop/choulegal/apps/inheritancepro/stock-inheritance.html,https://inheritance.choulegal.com/stock-inheritance.html,200,https://law.moj.gov.tw/LawClass/LawSingle.aspx?pcode=B0000001&flno=28; https://law.moj.gov.tw/LawClass/LawSingle.aspx?pcode=B0000001&flno=29; https://law.moj.gov.tw/LawClass/LawSingle.aspx?pcode=B0000001&flno=44; https://law.moj.gov.tw/LawClass/LawSingle.aspx?pcode=G0340072&flno=10; https://law.moj.gov.tw/LawClass/LawSingle.aspx?pcode=G0340072&flno=23; https://www.mof.gov.tw/singlehtml/384fb3077bb349ea973e7fc6f13b6974?cntId=f2a148bdd1614850be9fa56df8cc9d5c,6,34,0,0,已查證,公開頁已納入官方來源查核；未見待修正或待補來源項目。
民眾版,民法財產權／繼承贈與計算平台,使用者條款｜InheritancePro,/Users/chouchunyeh/Desktop/choulegal/apps/inheritancepro/terms.html,https://inheritance.choulegal.com/terms.html,200,不適用（未偵測到需查證法源）,0,0,0,0,已查證,公開頁已掃描，未偵測需引用官方法源的法條、裁判或法律常數。
民眾版,民法財產權／繼承贈與計算平台,遺囑效力評估｜InheritancePro,/Users/chouchunyeh/Desktop/choulegal/apps/inheritancepro/will-validity.html,https://inheritance.choulegal.com/will-validity.html,200,https://law.moj.gov.tw/LawClass/LawSingle.aspx?pcode=B0000001&flno=1065; https://law.moj.gov.tw/LawClass/LawSingle.aspx?pcode=B0000001&flno=1186; https://law.moj.gov.tw/LawClass/LawSingle.aspx?pcode=B0000001&flno=1187; https://law.moj.gov.tw/LawClass/LawSingle.aspx?pcode=B0000001&flno=1189; https://law.moj.gov.tw/LawClass/LawSingle.aspx?pcode=B0000001&flno=1190; https://law.moj.gov.tw/LawClass/LawSingle.aspx?pcode=B0000001&flno=1190-1195; https://law.moj.gov.tw/LawClass/LawSingle.aspx?pcode=B0000001&flno=1191; https://law.moj.gov.tw/LawClass/LawSingle.aspx?pcode=B0000001&flno=1192; https://law.moj.gov.tw/LawClass/LawSingle.aspx?pcode=B0000001&flno=1194; https://law.moj.gov.tw/LawClass/LawSingle.aspx?pcode=B0000001&flno=1195; https://law.moj.gov.tw/LawClass/LawSingle.aspx?pcode=B0000001&flno=1196; https://law.moj.gov.tw/LawClass/LawSingle.aspx?pcode=B0000001&flno=1198; https://law.moj.gov.tw/LawClass/LawSingle.aspx?pcode=B0000001&flno=1209; https://law.moj.gov.tw/LawClass/LawSingle.aspx?pcode=B0000001&flno=1219; https://law.moj.gov.tw/LawClass/LawSingle.aspx?pcode=B0000001&flno=1220; https://law.moj.gov.tw/LawClass/LawSingle.aspx?pcode=B0000001&flno=1221; https://law.moj.gov.tw/LawClass/LawSingle.aspx?pcode=B0000001&flno=1222; https://law.moj.gov.tw/LawClass/LawSingle.aspx?pcode=B0000001&flno=1223; https://law.moj.gov.tw/LawClass/LawSingle.aspx?pcode=B0000001&flno=1225,19,140,0,0,已查證,公開頁已納入官方來源查核；未見待修正或待補來源項目。
民眾版,勞動權益計算平台,我的帳號｜LaborPro,/Users/chouchunyeh/Desktop/choulegal/apps/laborpro/account.html,https://labor.choulegal.com/account.html,未在公開 crawl 清單,不適用（未偵測到需查證法源）,0,0,0,0,已查證,本機檔案已盤點，未偵測法律法源、裁判字號或法律計算資料。
民眾版,勞動權益計算平台,特休未休折現計算機｜LaborPro,/Users/chouchunyeh/Desktop/choulegal/apps/laborpro/annual-leave.html,https://labor.choulegal.com/annual-leave.html,200,https://law.moj.gov.tw/LawClass/LawSingle.aspx?pcode=N0030001&flno=38,1,12,0,0,已查證,公開頁已納入官方來源查核；未見待修正或待補來源項目。
民眾版,勞動權益計算平台,勞基法合規自檢｜LaborPro,/Users/chouchunyeh/Desktop/choulegal/apps/laborpro/compliance-audit.html,https://labor.choulegal.com/compliance-audit.html,200,https://law.moj.gov.tw/LawClass/LawSingle.aspx?pcode=N0030001&flno=11; https://law.moj.gov.tw/LawClass/LawSingle.aspx?pcode=N0030001&flno=12; https://law.moj.gov.tw/LawClass/LawSingle.aspx?pcode=N0030001&flno=14; https://law.moj.gov.tw/LawClass/LawSingle.aspx?pcode=N0030001&flno=16; https://law.moj.gov.tw/LawClass/LawSingle.aspx?pcode=N0030001&flno=21; https://law.moj.gov.tw/LawClass/LawSingle.aspx?pcode=N0030001&flno=23; https://law.moj.gov.tw/LawClass/LawSingle.aspx?pcode=N0030001&flno=24; https://law.moj.gov.tw/LawClass/LawSingle.aspx?pcode=N0030001&flno=3; https://law.moj.gov.tw/LawClass/LawSingle.aspx?pcode=N0030001&flno=30; https://law.moj.gov.tw/LawClass/LawSingle.aspx?pcode=N0030001&flno=32; https://law.moj.gov.tw/LawClass/LawSingle.aspx?pcode=N0030001&flno=33; https://law.moj.gov.tw/LawClass/LawSingle.aspx?pcode=N0030001&flno=37; https://law.moj.gov.tw/LawClass/LawSingle.aspx?pcode=N0030001&flno=38; https://law.moj.gov.tw/LawClass/LawSingle.aspx?pcode=N0030001&flno=50; https://law.moj.gov.tw/LawClass/LawSingle.aspx?pcode=N0030001&flno=6; https://law.moj.gov.tw/LawClass/LawSingle.aspx?pcode=N0030001&flno=70; https://law.moj.gov.tw/LawClass/LawSingle.aspx?pcode=N0030001&flno=78; https://law.moj.gov.tw/LawClass/LawSingle.aspx?pcode=N0030001&flno=79; https://law.moj.gov.tw/LawClass/LawSingle.aspx?pcode=N0030001&flno=80-1,19,56,0,0,已查證,公開頁已納入官方來源查核；未見待修正或待補來源項目。
民眾版,勞動權益計算平台,資遣合法性檢查｜LaborPro,/Users/chouchunyeh/Desktop/choulegal/apps/laborpro/dismissal-checklist.html,https://labor.choulegal.com/dismissal-checklist.html,200,https://law.moj.gov.tw/LawClass/LawSingle.aspx?pcode=N0030001&flno=11; https://law.moj.gov.tw/LawClass/LawSingle.aspx?pcode=N0030001&flno=12; https://law.moj.gov.tw/LawClass/LawSingle.aspx?pcode=N0030001&flno=13; https://law.moj.gov.tw/LawClass/LawSingle.aspx?pcode=N0030001&flno=14; https://law.moj.gov.tw/LawClass/LawSingle.aspx?pcode=N0030001&flno=16; https://law.moj.gov.tw/LawClass/LawSingle.aspx?pcode=N0030001&flno=17; https://law.moj.gov.tw/LawClass/LawSingle.aspx?pcode=N0030001&flno=50; https://law.moj.gov.tw/LawClass/LawSingle.aspx?pcode=N0030001&flno=59; https://law.moj.gov.tw/LawClass/LawSingle.aspx?pcode=N0030014&flno=21,9,76,0,0,已查證,公開頁已納入官方來源查核；未見待修正或待補來源項目。
民眾版,勞動權益計算平台,勞資爭議調解流程導引｜LaborPro,/Users/chouchunyeh/Desktop/choulegal/apps/laborpro/dispute-guide.html,https://labor.choulegal.com/dispute-guide.html,200,https://law.moj.gov.tw/LawClass/LawSingle.aspx?pcode=N0030001&flno=35; https://law.moj.gov.tw/LawClass/LawSingle.aspx?pcode=N0030001&flno=37; https://law.moj.gov.tw/LawClass/LawSingle.aspx?pcode=N0030001&flno=74,3,10,0,0,已查證,公開頁已納入官方來源查核；未見待修正或待補來源項目。
民眾版,勞動權益計算平台,LaborPro｜勞基法事件包與權益工具,/Users/chouchunyeh/Desktop/choulegal/apps/laborpro/index.html,https://labor.choulegal.com/,200,不適用（未偵測到需查證法源）,0,0,0,0,已查證,公開頁已掃描，未偵測需引用官方法源的法條、裁判或法律常數。
民眾版,勞動權益計算平台,我被高薪低報了嗎？投保薪資自查｜LaborPro,/Users/chouchunyeh/Desktop/choulegal/apps/laborpro/insurance-underreport.html,https://labor.choulegal.com/insurance-underreport.html,200,https://law.moj.gov.tw/LawClass/LawSingle.aspx?pcode=N0050001&flno=14,1,2,0,0,已查證,公開頁已納入官方來源查核；未見待修正或待補來源項目。
民眾版,勞動權益計算平台,全假別權益計算機｜LaborPro,/Users/chouchunyeh/Desktop/choulegal/apps/laborpro/leave-calc.html,https://labor.choulegal.com/leave-calc.html,200,https://law.moj.gov.tw/LawClass/LawSingle.aspx?pcode=N0030001&flno=14; https://law.moj.gov.tw/LawClass/LawSingle.aspx?pcode=N0030001&flno=15; https://law.moj.gov.tw/LawClass/LawSingle.aspx?pcode=N0030001&flno=2; https://law.moj.gov.tw/LawClass/LawSingle.aspx?pcode=N0030001&flno=20; https://law.moj.gov.tw/LawClass/LawSingle.aspx?pcode=N0030001&flno=3; https://law.moj.gov.tw/LawClass/LawSingle.aspx?pcode=N0030001&flno=38; https://law.moj.gov.tw/LawClass/LawSingle.aspx?pcode=N0030001&flno=38-1; https://law.moj.gov.tw/LawClass/LawSingle.aspx?pcode=N0030001&flno=4; https://law.moj.gov.tw/LawClass/LawSingle.aspx?pcode=N0030001&flno=50; https://law.moj.gov.tw/LawClass/LawSingle.aspx?pcode=N0030001&flno=7; https://law.moj.gov.tw/LawClass/LawSingle.aspx?pcode=N0030001&flno=79,11,80,0,0,已查證,公開頁已納入官方來源查核；未見待修正或待補來源項目。
民眾版,勞動權益計算平台,登入｜LaborPro — 周全法律科技,/Users/chouchunyeh/Desktop/choulegal/apps/laborpro/login.html,https://labor.choulegal.com/login.html,未在公開 crawl 清單,不適用（未偵測到需查證法源）,0,0,0,0,已查證,本機檔案已盤點，未偵測法律法源、裁判字號或法律計算資料。
民眾版,勞動權益計算平台,競業禁止合法性分析｜LaborPro,/Users/chouchunyeh/Desktop/choulegal/apps/laborpro/non-compete.html,https://labor.choulegal.com/non-compete.html,200,https://law.moj.gov.tw/LawClass/LawSingle.aspx?pcode=N0030001&flno=7-1; https://law.moj.gov.tw/LawClass/LawSingle.aspx?pcode=N0030001&flno=7-2; https://law.moj.gov.tw/LawClass/LawSingle.aspx?pcode=N0030001&flno=7-3; https://law.moj.gov.tw/LawClass/LawSingle.aspx?pcode=N0030001&flno=9-1,4,114,0,0,已查證,公開頁已納入官方來源查核；未見待修正或待補來源項目。
民眾版,勞動權益計算平台,離職預告期計算機｜LaborPro,/Users/chouchunyeh/Desktop/choulegal/apps/laborpro/notice-calc.html,https://labor.choulegal.com/notice-calc.html,200,https://law.moj.gov.tw/LawClass/LawSingle.aspx?pcode=N0030001&flno=11; https://law.moj.gov.tw/LawClass/LawSingle.aspx?pcode=N0030001&flno=13; https://law.moj.gov.tw/LawClass/LawSingle.aspx?pcode=N0030001&flno=14; https://law.moj.gov.tw/LawClass/LawSingle.aspx?pcode=N0030001&flno=15; https://law.moj.gov.tw/LawClass/LawSingle.aspx?pcode=N0030001&flno=16; https://law.moj.gov.tw/LawClass/LawSingle.aspx?pcode=N0030001&flno=33; https://law.moj.gov.tw/LawClass/LawSingle.aspx?pcode=N0030001&flno=79,7,68,0,0,已查證,公開頁已納入官方來源查核；未見待修正或待補來源項目。
民眾版,勞動權益計算平台,加班費逐筆結算｜LaborPro,/Users/chouchunyeh/Desktop/choulegal/apps/laborpro/overtime-detail.html,https://labor.choulegal.com/overtime-detail.html,200,https://law.moj.gov.tw/LawClass/LawSingle.aspx?pcode=N0030001&flno=2; https://law.moj.gov.tw/LawClass/LawSingle.aspx?pcode=N0030001&flno=23; https://law.moj.gov.tw/LawClass/LawSingle.aspx?pcode=N0030001&flno=24; https://law.moj.gov.tw/LawClass/LawSingle.aspx?pcode=N0030001&flno=30; https://law.moj.gov.tw/LawClass/LawSingle.aspx?pcode=N0030001&flno=32; https://law.moj.gov.tw/LawClass/LawSingle.aspx?pcode=N0030001&flno=32-1; https://law.moj.gov.tw/LawClass/LawSingle.aspx?pcode=N0030001&flno=36; https://law.moj.gov.tw/LawClass/LawSingle.aspx?pcode=N0030001&flno=37; https://law.moj.gov.tw/LawClass/LawSingle.aspx?pcode=N0030001&flno=38; https://law.moj.gov.tw/LawClass/LawSingle.aspx?pcode=N0030001&flno=39; https://law.moj.gov.tw/LawClass/LawSingle.aspx?pcode=N0030001&flno=40; https://law.moj.gov.tw/LawClass/LawSingle.aspx?pcode=N0030001&flno=72; https://law.moj.gov.tw/LawClass/LawSingle.aspx?pcode=N0030001&flno=79,13,62,0,0,已查證,公開頁已納入官方來源查核；未見待修正或待補來源項目。
民眾版,勞動權益計算平台,加班費計算機｜LaborPro,/Users/chouchunyeh/Desktop/choulegal/apps/laborpro/overtime.html,https://labor.choulegal.com/overtime.html,200,https://law.moj.gov.tw/LawClass/LawSingle.aspx?pcode=N0030001&flno=24; https://law.moj.gov.tw/LawClass/LawSingle.aspx?pcode=N0030001&flno=32; https://law.moj.gov.tw/LawClass/LawSingle.aspx?pcode=N0030001&flno=36; https://law.moj.gov.tw/LawClass/LawSingle.aspx?pcode=N0030001&flno=39; https://law.moj.gov.tw/LawClass/LawSingle.aspx?pcode=N0030001&flno=79,5,54,0,0,已查證,公開頁已納入官方來源查核；未見待修正或待補來源項目。
民眾版,勞動權益計算平台,勞基法違規罰鍰速查｜LaborPro,/Users/chouchunyeh/Desktop/choulegal/apps/laborpro/penalty-lookup.html,https://labor.choulegal.com/penalty-lookup.html,200,https://law.moj.gov.tw/LawClass/LawSingle.aspx?pcode=C0000001&flno=210; https://law.moj.gov.tw/LawClass/LawSingle.aspx?pcode=C0000001&flno=80; https://law.moj.gov.tw/LawClass/LawSingle.aspx?pcode=N0030001&flno=13; https://law.moj.gov.tw/LawClass/LawSingle.aspx?pcode=N0030001&flno=17; https://law.moj.gov.tw/LawClass/LawSingle.aspx?pcode=N0030001&flno=21; https://law.moj.gov.tw/LawClass/LawSingle.aspx?pcode=N0030001&flno=22; https://law.moj.gov.tw/LawClass/LawSingle.aspx?pcode=N0030001&flno=24; https://law.moj.gov.tw/LawClass/LawSingle.aspx?pcode=N0030001&flno=3; https://law.moj.gov.tw/LawClass/LawSingle.aspx?pcode=N0030001&flno=30; https://law.moj.gov.tw/LawClass/LawSingle.aspx?pcode=N0030001&flno=32; https://law.moj.gov.tw/LawClass/LawSingle.aspx?pcode=N0030001&flno=32-1; https://law.moj.gov.tw/LawClass/LawSingle.aspx?pcode=N0030001&flno=37; https://law.moj.gov.tw/LawClass/LawSingle.aspx?pcode=N0030001&flno=38; https://law.moj.gov.tw/LawClass/LawSingle.aspx?pcode=N0030001&flno=39; https://law.moj.gov.tw/LawClass/LawSingle.aspx?pcode=N0030001&flno=49; https://law.moj.gov.tw/LawClass/LawSingle.aspx?pcode=N0030001&flno=50; https://law.moj.gov.tw/LawClass/LawSingle.aspx?pcode=N0030001&flno=72; https://law.moj.gov.tw/LawClass/LawSingle.aspx?pcode=N0030001&flno=74; https://law.moj.gov.tw/LawClass/LawSingle.aspx?pcode=N0030001&flno=75; https://law.moj.gov.tw/LawClass/LawSingle.aspx?pcode=N0030001&flno=77; https://law.moj.gov.tw/LawClass/LawSingle.aspx?pcode=N0030001&flno=78; https://law.moj.gov.tw/LawClass/LawSingle.aspx?pcode=N0030001&flno=79; https://law.moj.gov.tw/LawClass/LawSingle.aspx?pcode=N0030001&flno=79-1; https://law.moj.gov.tw/LawClass/LawSingle.aspx?pcode=N0030001&flno=80; https://law.moj.gov.tw/LawClass/LawSingle.aspx?pcode=N0030001&flno=80-1; https://law.moj.gov.tw/LawClass/LawSingle.aspx?pcode=N0030001&flno=81; https://law.moj.gov.tw/LawClass/LawSingle.aspx?pcode=N0030001&flno=82; https://law.moj.gov.tw/LawClass/LawSingle.aspx?pcode=N0030014&flno=11; https://law.moj.gov.tw/LawClass/LawSingle.aspx?pcode=N0030020&flno=12,29,96,0,0,已查證,公開頁已納入官方來源查核；未見待修正或待補來源項目。
民眾版,勞動權益計算平台,勞動權益受損自救指南 — 遇到這些情況怎麼辦｜LaborPro,/Users/chouchunyeh/Desktop/choulegal/apps/laborpro/self-help.html,https://labor.choulegal.com/self-help.html,200,https://law.moj.gov.tw/LawClass/LawSingle.aspx?pcode=N0030001&flno=11; https://law.moj.gov.tw/LawClass/LawSingle.aspx?pcode=N0030001&flno=14; https://law.moj.gov.tw/LawClass/LawSingle.aspx?pcode=N0030001&flno=17; https://law.moj.gov.tw/LawClass/LawSingle.aspx?pcode=N0030001&flno=22; https://law.moj.gov.tw/LawClass/LawSingle.aspx?pcode=N0030001&flno=24; https://law.moj.gov.tw/LawClass/LawSingle.aspx?pcode=N0030001&flno=38; https://law.moj.gov.tw/LawClass/LawSingle.aspx?pcode=N0030001&flno=59; https://law.moj.gov.tw/LawClass/LawSingle.aspx?pcode=N0030020&flno=12; https://law.moj.gov.tw/LawClass/LawSingle.aspx?pcode=N0050001&flno=72,9,20,0,0,已查證,公開頁已納入官方來源查核；未見待修正或待補來源項目。
民眾版,勞動權益計算平台,資遣費計算機｜LaborPro,/Users/chouchunyeh/Desktop/choulegal/apps/laborpro/severance.html,https://labor.choulegal.com/severance.html,200,https://law.moj.gov.tw/LawClass/LawSingle.aspx?pcode=N0030001&flno=11; https://law.moj.gov.tw/LawClass/LawSingle.aspx?pcode=N0030001&flno=12; https://law.moj.gov.tw/LawClass/LawSingle.aspx?pcode=N0030001&flno=16; https://law.moj.gov.tw/LawClass/LawSingle.aspx?pcode=N0030001&flno=17; https://law.moj.gov.tw/LawClass/LawSingle.aspx?pcode=N0030001&flno=19; https://law.moj.gov.tw/LawClass/LawSingle.aspx?pcode=N0030001&flno=20; https://law.moj.gov.tw/LawClass/LawSingle.aspx?pcode=N0030001&flno=33; https://law.moj.gov.tw/LawClass/LawSingle.aspx?pcode=N0030001&flno=68; https://law.moj.gov.tw/LawClass/LawSingle.aspx?pcode=N0030001&flno=78; https://law.moj.gov.tw/LawClass/LawSingle.aspx?pcode=N0030001&flno=8; https://law.moj.gov.tw/LawClass/LawSingle.aspx?pcode=N0030020&flno=12,11,62,0,0,已查證,公開頁已納入官方來源查核；未見待修正或待補來源項目。
民眾版,勞動權益計算平台,薪資認定分析器｜LaborPro,/Users/chouchunyeh/Desktop/choulegal/apps/laborpro/wage-analysis.html,https://labor.choulegal.com/wage-analysis.html,200,https://judgment.judicial.gov.tw/FJUD/data.aspx?ty=JD&id=TPSV%2c100%2c%e5%8f%b0%e4%b8%8a%2c801%2c20110526&ot=in; https://law.moj.gov.tw/LawClass/LawSingle.aspx?pcode=N0030001&flno=10; https://law.moj.gov.tw/LawClass/LawSingle.aspx?pcode=N0030001&flno=14; https://law.moj.gov.tw/LawClass/LawSingle.aspx?pcode=N0030001&flno=16; https://law.moj.gov.tw/LawClass/LawSingle.aspx?pcode=N0030001&flno=17; https://law.moj.gov.tw/LawClass/LawSingle.aspx?pcode=N0030001&flno=2; https://law.moj.gov.tw/LawClass/LawSingle.aspx?pcode=N0030001&flno=21; https://law.moj.gov.tw/LawClass/LawSingle.aspx?pcode=N0030001&flno=22; https://law.moj.gov.tw/LawClass/LawSingle.aspx?pcode=N0030001&flno=26; https://law.moj.gov.tw/LawClass/LawSingle.aspx?pcode=N0030001&flno=55; https://law.moj.gov.tw/LawClass/LawSingle.aspx?pcode=N0030001&flno=59; https://law.moj.gov.tw/LawClass/LawSingle.aspx?pcode=N0030001&flno=79,12,66,0,0,已查證,公開頁已納入官方來源查核；未見待修正或待補來源項目。
民眾版,勞動權益計算平台,工時合規檢查｜LaborPro,/Users/chouchunyeh/Desktop/choulegal/apps/laborpro/work-hours.html,https://labor.choulegal.com/work-hours.html,200,https://judgment.judicial.gov.tw/FJUD/data.aspx?ty=JD&id=TPSV%2c102%2c%e5%8f%b0%e4%b8%8a%2c1660%2c20130904&ot=in; https://law.moj.gov.tw/LawClass/LawSingle.aspx?pcode=N0030001&flno=24; https://law.moj.gov.tw/LawClass/LawSingle.aspx?pcode=N0030001&flno=30; https://law.moj.gov.tw/LawClass/LawSingle.aspx?pcode=N0030001&flno=30-1; https://law.moj.gov.tw/LawClass/LawSingle.aspx?pcode=N0030001&flno=32; https://law.moj.gov.tw/LawClass/LawSingle.aspx?pcode=N0030001&flno=34; https://law.moj.gov.tw/LawClass/LawSingle.aspx?pcode=N0030001&flno=36; https://law.moj.gov.tw/LawClass/LawSingle.aspx?pcode=N0030001&flno=37; https://law.moj.gov.tw/LawClass/LawSingle.aspx?pcode=N0030001&flno=39; https://law.moj.gov.tw/LawClass/LawSingle.aspx?pcode=N0030001&flno=40; https://law.moj.gov.tw/LawClass/LawSingle.aspx?pcode=N0030001&flno=74; https://law.moj.gov.tw/LawClass/LawSingle.aspx?pcode=N0030001&flno=79; https://law.moj.gov.tw/LawClass/LawSingle.aspx?pcode=N0030001&flno=80-1; https://law.moj.gov.tw/LawClass/LawSingle.aspx?pcode=N0030001&flno=81; https://law.moj.gov.tw/LawClass/LawSingle.aspx?pcode=N0030001&flno=84-1,15,138,0,0,已查證,公開頁已納入官方來源查核；未見待修正或待補來源項目。
民眾版,勞動權益計算平台,不當解雇分析｜LaborPro,/Users/chouchunyeh/Desktop/choulegal/apps/laborpro/wrongful-dismissal.html,https://labor.choulegal.com/wrongful-dismissal.html,200,https://law.moj.gov.tw/LawClass/LawSingle.aspx?pcode=B0000001&flno=126; https://law.moj.gov.tw/LawClass/LawSingle.aspx?pcode=N0030001&flno=11; https://law.moj.gov.tw/LawClass/LawSingle.aspx?pcode=N0030001&flno=12; https://law.moj.gov.tw/LawClass/LawSingle.aspx?pcode=N0030001&flno=13; https://law.moj.gov.tw/LawClass/LawSingle.aspx?pcode=N0030001&flno=14; https://law.moj.gov.tw/LawClass/LawSingle.aspx?pcode=N0030001&flno=16; https://law.moj.gov.tw/LawClass/LawSingle.aspx?pcode=N0030001&flno=17; https://law.moj.gov.tw/LawClass/LawSingle.aspx?pcode=N0030001&flno=9; https://law.moj.gov.tw/LawClass/LawSingle.aspx?pcode=N0030020&flno=12,9,74,0,0,已查證,公開頁已納入官方來源查核；未見待修正或待補來源項目。
民眾版,租賃權益計算平台,周全帳號與資料｜RentalPro,/Users/chouchunyeh/Desktop/choulegal/apps/rentalpro/account.html,https://rental.choulegal.com/account.html,未在公開 crawl 清單,不適用（未偵測到需查證法源）,0,0,0,0,已查證,本機檔案已盤點，未偵測法律法源、裁判字號或法律計算資料。
民眾版,租賃權益計算平台,租約違法條款體檢（這些條款其實無效）｜RentalPro,/Users/chouchunyeh/Desktop/choulegal/apps/rentalpro/contract-clause-check.html,https://rental.choulegal.com/contract-clause-check.html,200,https://law.moj.gov.tw/LawClass/LawSingle.aspx?pcode=D0060001&flno=56-1; https://law.moj.gov.tw/LawClass/LawSingle.aspx?pcode=D0060001&flno=99; https://law.moj.gov.tw/LawClass/LawSingle.aspx?pcode=J0170001&flno=17,3,6,0,0,已查證,公開頁已納入官方來源查核；未見待修正或待補來源項目。
民眾版,租賃權益計算平台,漏水／壁癌／凶宅未告知，房客能主張什麼？｜RentalPro,/Users/chouchunyeh/Desktop/choulegal/apps/rentalpro/defect.html,https://rental.choulegal.com/defect.html,200,https://law.moj.gov.tw/LawClass/LawSingle.aspx?pcode=B0000001&flno=423; https://law.moj.gov.tw/LawClass/LawSingle.aspx?pcode=B0000001&flno=424; https://law.moj.gov.tw/LawClass/LawSingle.aspx?pcode=B0000001&flno=429; https://law.moj.gov.tw/LawClass/LawSingle.aspx?pcode=B0000001&flno=435; https://law.moj.gov.tw/LawClass/LawSingle.aspx?pcode=B0000001&flno=92,5,42,0,0,已查證,公開頁已納入官方來源查核；未見待修正或待補來源項目。
民眾版,租賃權益計算平台,押金上限與退租返還試算（土地法 §99／租賃專法 §7）｜RentalPro,/Users/chouchunyeh/Desktop/choulegal/apps/rentalpro/deposit-cap.html,https://rental.choulegal.com/deposit-cap.html,200,https://law.moj.gov.tw/LawClass/LawSingle.aspx?pcode=D0060001&flno=99; https://law.moj.gov.tw/LawClass/LawSingle.aspx?pcode=D0060125&flno=7,2,20,0,0,已查證,公開頁已納入官方來源查核；未見待修正或待補來源項目。
民眾版,租賃權益計算平台,退租押金扣抵界線檢查（押金被亂扣？）｜RentalPro,/Users/chouchunyeh/Desktop/choulegal/apps/rentalpro/deposit-deduction.html,https://rental.choulegal.com/deposit-deduction.html,200,https://law.moj.gov.tw/LawClass/LawSingle.aspx?pcode=B0000001&flno=432; https://law.moj.gov.tw/LawClass/LawSingle.aspx?pcode=D0060001&flno=99; https://law.moj.gov.tw/LawClass/LawSingle.aspx?pcode=D0060125&flno=7,3,18,0,0,已查證,公開頁已納入官方來源查核；未見待修正或待補來源項目。
民眾版,租賃權益計算平台,租屋爭議該走哪條路？（調解/小額訴訟/支付命令）｜RentalPro,/Users/chouchunyeh/Desktop/choulegal/apps/rentalpro/dispute-router.html,https://rental.choulegal.com/dispute-router.html,200,https://law.moj.gov.tw/LawClass/LawSingle.aspx?pcode=B0000001&flno=436-8; https://law.moj.gov.tw/LawClass/LawSingle.aspx?pcode=B0000001&flno=508; https://law.moj.gov.tw/LawClass/LawSingle.aspx?pcode=B0010001&flno=436-8; https://law.moj.gov.tw/LawClass/LawSingle.aspx?pcode=B0010001&flno=508,4,12,0,0,已查證,公開頁已納入官方來源查核；未見待修正或待補來源項目。
民眾版,租賃權益計算平台,提前解約違約金試算（定型化契約／租賃專法 §11）｜RentalPro,/Users/chouchunyeh/Desktop/choulegal/apps/rentalpro/early-termination.html,https://rental.choulegal.com/early-termination.html,200,https://law.moj.gov.tw/LawClass/LawSingle.aspx?pcode=D0060125&flno=11,1,26,0,0,已查證,公開頁已納入官方來源查核；未見待修正或待補來源項目。
民眾版,租賃權益計算平台,房東超收電費退費試算（電費新制）｜RentalPro,/Users/chouchunyeh/Desktop/choulegal/apps/rentalpro/electricity-overcharge.html,https://rental.choulegal.com/electricity-overcharge.html,200,https://law.moj.gov.tw/LawClass/LawSingle.aspx?pcode=J0170001&flno=56-1,1,2,0,0,已查證,公開頁已納入官方來源查核；未見待修正或待補來源項目。
民眾版,租賃權益計算平台,租屋存證信函範本產生器 — 押金催告／修繕／終止／拒絕搬遷｜RentalPro,/Users/chouchunyeh/Desktop/choulegal/apps/rentalpro/evidence-letter.html,https://rental.choulegal.com/evidence-letter.html,200,不適用（未偵測到需查證法源）,0,0,0,0,已查證,公開頁已掃描，未偵測需引用官方法源的法條、裁判或法律常數。
民眾版,租賃權益計算平台,入住／退租點交存證清單（押金自保）｜RentalPro,/Users/chouchunyeh/Desktop/choulegal/apps/rentalpro/handover-checklist.html,https://rental.choulegal.com/handover-checklist.html,200,https://law.moj.gov.tw/LawClass/LawSingle.aspx?pcode=B0000001&flno=432; https://law.moj.gov.tw/LawClass/LawSingle.aspx?pcode=D0060001&flno=99; https://law.moj.gov.tw/LawClass/LawSingle.aspx?pcode=D0060125&flno=7,3,10,0,0,已查證,公開頁已納入官方來源查核；未見待修正或待補來源項目。
民眾版,租賃權益計算平台,租屋糾紛求助與申訴管道 — 該找誰｜RentalPro,/Users/chouchunyeh/Desktop/choulegal/apps/rentalpro/help-channels.html,https://rental.choulegal.com/help-channels.html,200,https://law.moj.gov.tw/LawClass/LawSingle.aspx?pcode=C0000001&flno=304; https://law.moj.gov.tw/LawClass/LawSingle.aspx?pcode=C0000001&flno=306; https://law.moj.gov.tw/LawClass/LawSingle.aspx?pcode=D0060125&flno=14,3,6,0,0,已查證,公開頁已納入官方來源查核；未見待修正或待補來源項目。
民眾版,租賃權益計算平台,租到違章建築（頂加／隔間套房）房客怎麼辦｜RentalPro,/Users/chouchunyeh/Desktop/choulegal/apps/rentalpro/illegal-structure.html,https://rental.choulegal.com/illegal-structure.html,200,https://law.moj.gov.tw/LawClass/LawSingle.aspx?pcode=B0000001&flno=225; https://law.moj.gov.tw/LawClass/LawSingle.aspx?pcode=B0000001&flno=226; https://law.moj.gov.tw/LawClass/LawSingle.aspx?pcode=B0000001&flno=266; https://law.moj.gov.tw/LawClass/LawSingle.aspx?pcode=B0000001&flno=421; https://law.moj.gov.tw/LawClass/LawSingle.aspx?pcode=B0000001&flno=423; https://law.moj.gov.tw/LawClass/LawSingle.aspx?pcode=B0000001&flno=92,6,52,0,0,已查證,公開頁已納入官方來源查核；未見待修正或待補來源項目。
民眾版,租賃權益計算平台,RentalPro｜租屋事件包與權益工具,/Users/chouchunyeh/Desktop/choulegal/apps/rentalpro/index.html,https://rental.choulegal.com/,200,https://law.moj.gov.tw/LawClass/LawSingle.aspx?pcode=B0000001&flno=225; https://law.moj.gov.tw/LawClass/LawSingle.aspx?pcode=B0000001&flno=266; https://law.moj.gov.tw/LawClass/LawSingle.aspx?pcode=B0000001&flno=421; https://law.moj.gov.tw/LawClass/LawSingle.aspx?pcode=B0000001&flno=423; https://law.moj.gov.tw/LawClass/LawSingle.aspx?pcode=B0000001&flno=424; https://law.moj.gov.tw/LawClass/LawSingle.aspx?pcode=B0000001&flno=425; https://law.moj.gov.tw/LawClass/LawSingle.aspx?pcode=B0000001&flno=429; https://law.moj.gov.tw/LawClass/LawSingle.aspx?pcode=B0000001&flno=430; https://law.moj.gov.tw/LawClass/LawSingle.aspx?pcode=B0000001&flno=432; https://law.moj.gov.tw/LawClass/LawSingle.aspx?pcode=B0000001&flno=435; https://law.moj.gov.tw/LawClass/LawSingle.aspx?pcode=B0000001&flno=443; https://law.moj.gov.tw/LawClass/LawSingle.aspx?pcode=B0000001&flno=444; https://law.moj.gov.tw/LawClass/LawSingle.aspx?pcode=C0000001&flno=304; https://law.moj.gov.tw/LawClass/LawSingle.aspx?pcode=C0000001&flno=306; https://law.moj.gov.tw/LawClass/LawSingle.aspx?pcode=C0000001&flno=315-1; https://law.moj.gov.tw/LawClass/LawSingle.aspx?pcode=D0060001&flno=100; https://law.moj.gov.tw/LawClass/LawSingle.aspx?pcode=D0060001&flno=431; https://law.moj.gov.tw/LawClass/LawSingle.aspx?pcode=D0060001&flno=97; https://law.moj.gov.tw/LawClass/LawSingle.aspx?pcode=D0060001&flno=99; https://law.moj.gov.tw/LawClass/LawSingle.aspx?pcode=D0060125&flno=10; https://law.moj.gov.tw/LawClass/LawSingle.aspx?pcode=D0060125&flno=11; https://law.moj.gov.tw/LawClass/LawSingle.aspx?pcode=D0060125&flno=429; https://law.moj.gov.tw/LawClass/LawSingle.aspx?pcode=D0060125&flno=430; https://law.moj.gov.tw/LawClass/LawSingle.aspx?pcode=D0060125&flno=431; https://law.moj.gov.tw/LawClass/LawSingle.aspx?pcode=D0060125&flno=7; https://law.moj.gov.tw/LawClass/LawSingle.aspx?pcode=D0060125&flno=99; https://law.moj.gov.tw/LawClass/LawSingle.aspx?pcode=G0340003&flno=17,27,50,0,0,已查證,公開頁已納入官方來源查核；未見待修正或待補來源項目。
民眾版,租賃權益計算平台,房東能否合法收回房屋判斷（土地法 §100／租賃專法 §10）｜RentalPro,/Users/chouchunyeh/Desktop/choulegal/apps/rentalpro/landlord-recovery.html,https://rental.choulegal.com/landlord-recovery.html,200,https://law.moj.gov.tw/LawClass/LawSingle.aspx?pcode=B0000001&flno=100; https://law.moj.gov.tw/LawClass/LawSingle.aspx?pcode=B0000001&flno=443; https://law.moj.gov.tw/LawClass/LawSingle.aspx?pcode=D0060001&flno=100; https://law.moj.gov.tw/LawClass/LawSingle.aspx?pcode=D0060125&flno=10,4,34,0,0,已查證,公開頁已納入官方來源查核；未見待修正或待補來源項目。
民眾版,租賃權益計算平台,登入周全帳號｜RentalPro,/Users/chouchunyeh/Desktop/choulegal/apps/rentalpro/login.html,https://rental.choulegal.com/login.html,未在公開 crawl 清單,不適用（未偵測到需查證法源）,0,0,0,0,已查證,本機檔案已盤點，未偵測法律法源、裁判字號或法律計算資料。
民眾版,租賃權益計算平台,房東擅自進入／裝監視器／騷擾怎麼辦｜RentalPro,/Users/chouchunyeh/Desktop/choulegal/apps/rentalpro/quiet-enjoyment.html,https://rental.choulegal.com/quiet-enjoyment.html,200,https://law.moj.gov.tw/LawClass/LawSingle.aspx?pcode=B0000001&flno=315-1; https://law.moj.gov.tw/LawClass/LawSingle.aspx?pcode=B0000001&flno=423; https://law.moj.gov.tw/LawClass/LawSingle.aspx?pcode=C0000001&flno=306; https://law.moj.gov.tw/LawClass/LawSingle.aspx?pcode=C0000001&flno=315-1,4,24,0,0,已查證,公開頁已納入官方來源查核；未見待修正或待補來源項目。
民眾版,租賃權益計算平台,租金爭議與租期內漲租檢核｜RentalPro,/Users/chouchunyeh/Desktop/choulegal/apps/rentalpro/rent-cap.html,https://rental.choulegal.com/rent-cap.html,200,https://law.moj.gov.tw/LawClass/LawSingle.aspx?pcode=D0060001&flno=97,1,22,0,0,已查證,公開頁已納入官方來源查核；未見待修正或待補來源項目。
民眾版,租賃權益計算平台,房東中途漲租合法嗎？（租期內可以漲租嗎）｜RentalPro,/Users/chouchunyeh/Desktop/choulegal/apps/rentalpro/rent-increase.html,https://rental.choulegal.com/rent-increase.html,200,https://law.moj.gov.tw/LawClass/LawSingle.aspx?pcode=B0000001&flno=421,1,2,0,0,已查證,公開頁已納入官方來源查核；未見待修正或待補來源項目。
民眾版,租賃權益計算平台,修繕義務與自費求償試算（民法 §429／§430／§431）｜RentalPro,/Users/chouchunyeh/Desktop/choulegal/apps/rentalpro/repair-cost.html,https://rental.choulegal.com/repair-cost.html,200,https://law.moj.gov.tw/LawClass/LawSingle.aspx?pcode=B0000001&flno=429; https://law.moj.gov.tw/LawClass/LawSingle.aspx?pcode=B0000001&flno=430; https://law.moj.gov.tw/LawClass/LawSingle.aspx?pcode=B0000001&flno=431; https://law.moj.gov.tw/LawClass/LawSingle.aspx?pcode=D0060125&flno=11,4,40,0,0,已查證,公開頁已納入官方來源查核；未見待修正或待補來源項目。
民眾版,租賃權益計算平台,房子被賣掉／被法拍，租約還算數嗎？（買賣不破租賃）｜RentalPro,/Users/chouchunyeh/Desktop/choulegal/apps/rentalpro/sale-foreclosure.html,https://rental.choulegal.com/sale-foreclosure.html,200,https://law.moj.gov.tw/LawClass/LawSingle.aspx?pcode=B0000001&flno=425,1,14,0,0,已查證,公開頁已納入官方來源查核；未見待修正或待補來源項目。
民眾版,租賃權益計算平台,轉租／二房東合法嗎？（民法443）｜RentalPro,/Users/chouchunyeh/Desktop/choulegal/apps/rentalpro/sublease.html,https://rental.choulegal.com/sublease.html,200,https://law.moj.gov.tw/LawClass/LawSingle.aspx?pcode=B0000001&flno=443; https://law.moj.gov.tw/LawClass/LawSingle.aspx?pcode=B0000001&flno=444,2,24,0,0,已查證,公開頁已納入官方來源查核；未見待修正或待補來源項目。
民眾版,租賃權益計算平台,房租報稅扣除試算 + 設籍補貼權利｜RentalPro,/Users/chouchunyeh/Desktop/choulegal/apps/rentalpro/tax-residence-subsidy.html,https://rental.choulegal.com/tax-residence-subsidy.html,200,https://law.moj.gov.tw/LawClass/LawSingle.aspx?pcode=G0340003&flno=17; https://law.moj.gov.tw/LawClass/LawSingle.aspx?pcode=J0170001&flno=17,2,16,0,0,已查證,公開頁已納入官方來源查核；未見待修正或待補來源項目。
民眾版,租賃權益計算平台,房東斷水斷電／換鎖逼遷怎麼辦（這是違法的）｜RentalPro,/Users/chouchunyeh/Desktop/choulegal/apps/rentalpro/utility-cutoff.html,https://rental.choulegal.com/utility-cutoff.html,200,https://law.moj.gov.tw/LawClass/LawSingle.aspx?pcode=B0000001&flno=423; https://law.moj.gov.tw/LawClass/LawSingle.aspx?pcode=C0000001&flno=304,2,20,0,0,已查證,公開頁已納入官方來源查核；未見待修正或待補來源項目。
民眾版,周全主站,關於 — 周全 ChouLegal,/Users/chouchunyeh/Desktop/周全法律科技-ChouLegal/choulegal-site/about.html,https://choulegal.com/about.html,200,不適用（未偵測到需查證法源）,0,0,0,0,已查證,公開頁已掃描，未偵測需引用官方法源的法條、裁判或法律常數。
民眾版,周全主站,法律教育平台 — 法律科普、國考與轉學考資料庫,/Users/chouchunyeh/Desktop/周全法律科技-ChouLegal/choulegal-site/education.html,https://choulegal.com/education.html,200,不適用（未偵測到需查證法源）,0,0,0,0,已查證,公開頁已掃描，未偵測需引用官方法源的法條、裁判或法律常數。
民眾版,周全主站,周全 ChouLegal — 免費法律工具與企業合規服務,/Users/chouchunyeh/Desktop/周全法律科技-ChouLegal/choulegal-site/index.html,https://choulegal.com/,200,https://law.moj.gov.tw/LawClass/LawSingle.aspx?pcode=N0030020&flno=12,1,8,0,0,已查證,公開頁已納入官方來源查核；未見待修正或待補來源項目。
民眾版,周全主站,為什麼做這件事 — 周全 ChouLegal,/Users/chouchunyeh/Desktop/周全法律科技-ChouLegal/choulegal-site/manifesto.html,https://choulegal.com/manifesto.html,200,不適用（未偵測到需查證法源）,0,0,0,0,已查證,公開頁已掃描，未偵測需引用官方法源的法條、裁判或法律常數。
民眾版,周全主站,方案 — 周全 ChouLegal,/Users/chouchunyeh/Desktop/周全法律科技-ChouLegal/choulegal-site/pricing.html,https://choulegal.com/pricing.html,200,不適用（未偵測到需查證法源）,0,0,0,0,已查證,公開頁已掃描，未偵測需引用官方法源的法條、裁判或法律常數。
民眾版,周全主站,周全專業版 — 企業合規、爭議處理與判決整理,/Users/chouchunyeh/Desktop/周全法律科技-ChouLegal/choulegal-site/professional.html,https://choulegal.com/professional.html,200,不適用（未偵測到需查證法源）,0,0,0,0,已查證,公開頁已掃描，未偵測需引用官方法源的法條、裁判或法律常數。
民眾版,周全主站,如何駕馭高自主 AI 模型 — 周全 · 成大簡報,/Users/chouchunyeh/Desktop/周全法律科技-ChouLegal/choulegal-site/slides/high-autonomy-models.html,https://choulegal.com/slides/high-autonomy-models.html,未在公開 crawl 清單,不適用（未偵測到需查證法源）,0,0,0,0,已查證,本機檔案已盤點，未偵測法律法源、裁判字號或法律計算資料。
民眾版,周全主站,成大簡報 · 周全 ChouLegal,/Users/chouchunyeh/Desktop/周全法律科技-ChouLegal/choulegal-site/slides/ncku.html,https://choulegal.com/slides/ncku.html,未在公開 crawl 清單,不適用（未偵測到需查證法源）,0,0,0,0,已查證,本機檔案已盤點，未偵測法律法源、裁判字號或法律計算資料。
民眾版,周全主站,AI 實作與學習程式設計的互依互生 — 成大簡報,/Users/chouchunyeh/Desktop/周全法律科技-ChouLegal/choulegal-site/slides/python-ai-talk.html,https://choulegal.com/slides/python-ai-talk.html,未在公開 crawl 清單,不適用（未偵測到需查證法源）,0,0,0,0,已查證,本機檔案已盤點，未偵測法律法源、裁判字號或法律計算資料。
民眾版,民眾入口,周全 AI 已搬遷｜ChouLegal,/Users/chouchunyeh/Desktop/周全法律科技-ChouLegal/people-choulegal/ai-triage.html,https://people.choulegal.com/ai-triage.html,200,不適用（未偵測到需查證法源）,0,0,0,0,已查證,公開頁已掃描，未偵測需引用官方法源的法條、裁判或法律常數。
民眾版,民眾入口,事件工具包詳情｜周全民眾版,/Users/chouchunyeh/Desktop/周全法律科技-ChouLegal/people-choulegal/event-kit.html,https://people.choulegal.com/event-kit.html,200,不適用（未偵測到需查證法源）,0,0,0,0,已查證,公開頁已掃描，未偵測需引用官方法源的法條、裁判或法律常數。
民眾版,民眾入口,事件工具包｜周全民眾版,/Users/chouchunyeh/Desktop/周全法律科技-ChouLegal/people-choulegal/event-kits.html,https://people.choulegal.com/event-kits.html,200,不適用（未偵測到需查證法源）,0,0,0,0,已查證,公開頁已掃描，未偵測需引用官方法源的法條、裁判或法律常數。
民眾版,民眾入口,周全民眾版｜法律事件包與權益工具,/Users/chouchunyeh/Desktop/周全法律科技-ChouLegal/people-choulegal/index.html,https://people.choulegal.com/,200,不適用（未偵測到需查證法源）,0,0,0,0,已查證,公開頁已掃描，未偵測需引用官方法源的法條、裁判或法律常數。
民眾版,民眾入口,單一工具列表｜周全民眾版,/Users/chouchunyeh/Desktop/周全法律科技-ChouLegal/people-choulegal/tools.html,https://people.choulegal.com/tools.html,200,不適用（未偵測到需查證法源）,0,0,0,0,已查證,公開頁已掃描，未偵測需引用官方法源的法條、裁判或法律常數。
